cue_row_id,type,value,appear_time_ms,time_to_targ_ms,category
0,speed,0,0,0,0
1,dialog,dialog0,0,0,0
1,dialog,dialog1,0,0,0
2,cue,0,700,1500,practice
3,cue,2,700,1500,practice
4,cue,1,700,1500,practice
5,cue,3,700,1500,practice
6,cue,1,700,1500,practice
7,cue,2,700,1500,practice
8,cue,0,700,1500,practice
9,cue,3,700,1500,practice
10,cue,2,700,1500,practice
11,cue,1,700,1500,practice
12,cue,0,700,1500,practice
13,cue,3,700,1500,practice
14,cue,2,700,1500,practice
15,cue,3,700,1500,practice
16,cue,0,700,1500,practice
17,cue,1,700,1500,practice
18,cue,0,700,1500,practice
19,cue,2,700,1500,practice
20,cue,3,700,1500,practice
21,cue,1,700,1500,practice
22,cue,0,700,1500,practice
23,cue,2,700,1500,practice
24,cue,1,700,1500,practice
25,cue,3,700,1500,practice
26,dialog,dialog2,2500,0,0
27,speed,-1,0,0,0
28,score,-1,0,0,0
29,speed,1,0,0,0
30,cue,2,700,1500,noise
31,cue,0,700,1500,noise
32,cue,1,350,1500,noise
33,cue,3,350,1500,noise
34,cue,2,700,1500,noise
35,cue,1,350,1500,noise
36,cue,2,700,1500,noise
37,cue,3,700,1500,noise
38,cue,1,350,1500,noise
39,cue,0,350,1500,noise
40,cue,3,700,1500,noise
41,cue,0,350,1500,noise
42,cue,2,700,1500,sequence
43,cue,1,700,1500,sequence
44,cue,2,350,1500,sequence
45,cue,0,350,1500,sequence
46,cue,2,700,1500,sequence
47,cue,3,350,1500,sequence
48,cue,1,700,1500,sequence
49,cue,0,700,1500,sequence
50,cue,1,350,1500,sequence
51,cue,3,350,1500,sequence
52,cue,0,700,1500,sequence
53,cue,3,350,1500,sequence
54,cue,2,700,1500,sequence
55,cue,1,700,1500,sequence
56,cue,2,350,1500,sequence
57,cue,0,350,1500,sequence
58,cue,2,700,1500,sequence
59,cue,3,350,1500,sequence
60,cue,1,700,1500,sequence
61,cue,0,700,1500,sequence
62,cue,1,350,1500,sequence
63,cue,3,350,1500,sequence
64,cue,0,700,1500,sequence
65,cue,3,350,1500,sequence
66,cue,2,700,1500,sequence
67,cue,1,700,1500,sequence
68,cue,2,350,1500,sequence
69,cue,0,350,1500,sequence
70,cue,2,700,1500,sequence
71,cue,3,350,1500,sequence
72,cue,1,700,1500,sequence
73,cue,0,700,1500,sequence
74,cue,1,350,1500,sequence
75,cue,3,350,1500,sequence
76,cue,0,700,1500,sequence
77,cue,3,350,1500,sequence
78,cue,2,700,1500,sequence
79,cue,1,700,1500,sequence
80,cue,2,350,1500,sequence
81,cue,0,350,1500,sequence
82,cue,2,700,1500,sequence
83,cue,3,350,1500,sequence
84,cue,1,700,1500,sequence
85,cue,0,700,1500,sequence
86,cue,1,350,1500,sequence
87,cue,3,350,1500,sequence
88,cue,0,700,1500,sequence
89,cue,3,350,1500,sequence
90,cue,2,700,1500,sequence
91,cue,1,700,1500,sequence
92,cue,2,350,1500,sequence
93,cue,0,350,1500,sequence
94,cue,2,700,1500,sequence
95,cue,3,350,1500,sequence
96,cue,1,700,1500,sequence
97,cue,0,700,1500,sequence
98,cue,1,350,1500,sequence
99,cue,3,350,1500,sequence
100,cue,0,700,1500,sequence
101,cue,3,350,1500,sequence
102,cue,2,700,1500,sequence
103,cue,1,700,1500,sequence
104,cue,2,350,1500,sequence
105,cue,0,350,1500,sequence
106,cue,2,700,1500,sequence
107,cue,3,350,1500,sequence
108,cue,1,700,1500,sequence
109,cue,0,700,1500,sequence
110,cue,1,350,1500,sequence
111,cue,3,350,1500,sequence
112,cue,0,700,1500,sequence
113,cue,3,350,1500,sequence
114,cue,0,700,1500,noise
115,cue,3,700,1500,noise
116,cue,0,350,1500,noise
117,cue,1,350,1500,noise
118,cue,3,700,1500,noise
119,cue,1,350,1500,noise
120,cue,2,700,1500,noise
121,cue,3,700,1500,noise
122,cue,2,350,1500,noise
123,cue,0,350,1500,noise
124,cue,2,700,1500,noise
125,cue,1,350,1500,noise
126,cue,2,700,1500,sequence
127,cue,1,700,1500,sequence
128,cue,2,350,1500,sequence
129,cue,0,350,1500,sequence
130,cue,2,700,1500,sequence
131,cue,3,350,1500,sequence
132,cue,1,700,1500,sequence
133,cue,0,700,1500,sequence
134,cue,1,350,1500,sequence
135,cue,3,350,1500,sequence
136,cue,0,700,1500,sequence
137,cue,3,350,1500,sequence
138,cue,2,700,1500,sequence
139,cue,1,700,1500,sequence
140,cue,2,350,1500,sequence
141,cue,0,350,1500,sequence
142,cue,2,700,1500,sequence
143,cue,3,350,1500,sequence
144,cue,1,700,1500,sequence
145,cue,0,700,1500,sequence
146,cue,1,350,1500,sequence
147,cue,3,350,1500,sequence
148,cue,0,700,1500,sequence
149,cue,3,350,1500,sequence
150,cue,1,700,1500,noise
151,cue,3,700,1500,noise
152,cue,1,350,1500,noise
153,cue,0,350,1500,noise
154,cue,2,700,1500,noise
155,cue,3,350,1500,noise
156,cue,0,700,1500,noise
157,cue,3,700,1500,noise
158,cue,2,350,1500,noise
159,cue,1,350,1500,noise
160,cue,2,700,1500,noise
161,cue,0,350,1500,noise
162,cue,2,700,1500,sequence
163,cue,1,700,1500,sequence
164,cue,2,350,1500,sequence
165,cue,0,350,1500,sequence
166,cue,2,700,1500,sequence
167,cue,3,350,1500,sequence
168,cue,1,700,1500,sequence
169,cue,0,700,1500,sequence
170,cue,1,350,1500,sequence
171,cue,3,350,1500,sequence
172,cue,0,700,1500,sequence
173,cue,3,350,1500,sequence
174,cue,2,700,1500,sequence
175,cue,1,700,1500,sequence
176,cue,2,350,1500,sequence
177,cue,0,350,1500,sequence
178,cue,2,700,1500,sequence
179,cue,3,350,1500,sequence
180,cue,1,700,1500,sequence
181,cue,0,700,1500,sequence
182,cue,1,350,1500,sequence
183,cue,3,350,1500,sequence
184,cue,0,700,1500,sequence
185,cue,3,350,1500,sequence
186,cue,2,700,1500,sequence
187,cue,1,700,1500,sequence
188,cue,2,350,1500,sequence
189,cue,0,350,1500,sequence
190,cue,2,700,1500,sequence
191,cue,3,350,1500,sequence
192,cue,1,700,1500,sequence
193,cue,0,700,1500,sequence
194,cue,1,350,1500,sequence
195,cue,3,350,1500,sequence
196,cue,0,700,1500,sequence
197,cue,3,350,1500,sequence
198,cue,2,700,1500,sequence
199,cue,1,700,1500,sequence
200,cue,2,350,1500,sequence
201,cue,0,350,1500,sequence
202,cue,2,700,1500,sequence
203,cue,3,350,1500,sequence
204,cue,1,700,1500,sequence
205,cue,0,700,1500,sequence
206,cue,1,350,1500,sequence
207,cue,3,350,1500,sequence
208,cue,0,700,1500,sequence
209,cue,3,350,1500,sequence
210,cue,2,700,1500,sequence
211,cue,1,700,1500,sequence
212,cue,2,350,1500,sequence
213,cue,0,350,1500,sequence
214,cue,2,700,1500,sequence
215,cue,3,350,1500,sequence
216,cue,1,700,1500,sequence
217,cue,0,700,1500,sequence
218,cue,1,350,1500,sequence
219,cue,3,350,1500,sequence
220,cue,0,700,1500,sequence
221,cue,3,350,1500,sequence
222,cue,2,700,1500,noise
223,cue,1,700,1500,noise
224,cue,2,350,1500,noise
225,cue,3,350,1500,noise
226,cue,1,700,1500,noise
227,cue,3,350,1500,noise
228,cue,0,700,1500,noise
229,cue,1,700,1500,noise
230,cue,0,350,1500,noise
231,cue,2,350,1500,noise
232,cue,0,700,1500,noise
233,cue,3,350,1500,noise
234,cue,2,700,1500,sequence
235,cue,1,700,1500,sequence
236,cue,2,350,1500,sequence
237,cue,0,350,1500,sequence
238,cue,2,700,1500,sequence
239,cue,3,350,1500,sequence
240,cue,1,700,1500,sequence
241,cue,0,700,1500,sequence
242,cue,1,350,1500,sequence
243,cue,3,350,1500,sequence
244,cue,0,700,1500,sequence
245,cue,3,350,1500,sequence
246,cue,2,700,1500,sequence
247,cue,1,700,1500,sequence
248,cue,2,350,1500,sequence
249,cue,0,350,1500,sequence
250,cue,2,700,1500,sequence
251,cue,3,350,1500,sequence
252,cue,1,700,1500,sequence
253,cue,0,700,1500,sequence
254,cue,1,350,1500,sequence
255,cue,3,350,1500,sequence
256,cue,0,700,1500,sequence
257,cue,3,350,1500,sequence
258,cue,2,700,1500,sequence
259,cue,1,700,1500,sequence
260,cue,2,350,1500,sequence
261,cue,0,350,1500,sequence
262,cue,2,700,1500,sequence
263,cue,3,350,1500,sequence
264,cue,1,700,1500,sequence
265,cue,0,700,1500,sequence
266,cue,1,350,1500,sequence
267,cue,3,350,1500,sequence
268,cue,0,700,1500,sequence
269,cue,3,350,1500,sequence
270,cue,2,700,1500,sequence
271,cue,1,700,1500,sequence
272,cue,2,350,1500,sequence
273,cue,0,350,1500,sequence
274,cue,2,700,1500,sequence
275,cue,3,350,1500,sequence
276,cue,1,700,1500,sequence
277,cue,0,700,1500,sequence
278,cue,1,350,1500,sequence
279,cue,3,350,1500,sequence
280,cue,0,700,1500,sequence
281,cue,3,350,1500,sequence
282,cue,2,700,1500,sequence
283,cue,1,700,1500,sequence
284,cue,2,350,1500,sequence
285,cue,0,350,1500,sequence
286,cue,2,700,1500,sequence
287,cue,3,350,1500,sequence
288,cue,1,700,1500,sequence
289,cue,0,700,1500,sequence
290,cue,1,350,1500,sequence
291,cue,3,350,1500,sequence
292,cue,0,700,1500,sequence
293,cue,3,350,1500,sequence
294,cue,2,700,1500,sequence
295,cue,1,700,1500,sequence
296,cue,2,350,1500,sequence
297,cue,0,350,1500,sequence
298,cue,2,700,1500,sequence
299,cue,3,350,1500,sequence
300,cue,1,700,1500,sequence
301,cue,0,700,1500,sequence
302,cue,1,350,1500,sequence
303,cue,3,350,1500,sequence
304,cue,0,700,1500,sequence
305,cue,3,350,1500,sequence
306,cue,2,700,1500,noise
307,cue,0,700,1500,noise
308,cue,1,350,1500,noise
309,cue,2,350,1500,noise
310,cue,3,700,1500,noise
311,cue,0,350,1500,noise
312,cue,3,700,1500,noise
313,cue,1,700,1500,noise
314,cue,0,350,1500,noise
315,cue,2,350,1500,noise
316,cue,1,700,1500,noise
317,cue,3,350,1500,noise
318,cue,2,700,1500,sequence
319,cue,1,700,1500,sequence
320,cue,2,350,1500,sequence
321,cue,0,350,1500,sequence
322,cue,2,700,1500,sequence
323,cue,3,350,1500,sequence
324,cue,1,700,1500,sequence
325,cue,0,700,1500,sequence
326,cue,1,350,1500,sequence
327,cue,3,350,1500,sequence
328,cue,0,700,1500,sequence
329,cue,3,350,1500,sequence
330,cue,2,700,1500,noise
331,cue,0,700,1500,noise
332,cue,3,350,1500,noise
333,cue,1,350,1500,noise
334,cue,0,700,1500,noise
335,cue,2,350,1500,noise
336,cue,1,700,1500,noise
337,cue,3,700,1500,noise
338,cue,0,350,1500,noise
339,cue,1,350,1500,noise
340,cue,2,700,1500,noise
341,cue,3,350,1500,noise
342,cue,2,700,1500,sequence
343,cue,1,700,1500,sequence
344,cue,2,350,1500,sequence
345,cue,0,350,1500,sequence
346,cue,2,700,1500,sequence
347,cue,3,350,1500,sequence
348,cue,1,700,1500,sequence
349,cue,0,700,1500,sequence
350,cue,1,350,1500,sequence
351,cue,3,350,1500,sequence
352,cue,0,700,1500,sequence
353,cue,3,350,1500,sequence
354,cue,2,700,1500,sequence
355,cue,1,700,1500,sequence
356,cue,2,350,1500,sequence
357,cue,0,350,1500,sequence
358,cue,2,700,1500,sequence
359,cue,3,350,1500,sequence
360,cue,1,700,1500,sequence
361,cue,0,700,1500,sequence
362,cue,1,350,1500,sequence
363,cue,3,350,1500,sequence
364,cue,0,700,1500,sequence
365,cue,3,350,1500,sequence
366,cue,2,700,1500,sequence
367,cue,1,700,1500,sequence
368,cue,2,350,1500,sequence
369,cue,0,350,1500,sequence
370,cue,2,700,1500,sequence
371,cue,3,350,1500,sequence
372,cue,1,700,1500,sequence
373,cue,0,700,1500,sequence
374,cue,1,350,1500,sequence
375,cue,3,350,1500,sequence
376,cue,0,700,1500,sequence
377,cue,3,350,1500,sequence
378,cue,2,700,1500,sequence
379,cue,1,700,1500,sequence
380,cue,2,350,1500,sequence
381,cue,0,350,1500,sequence
382,cue,2,700,1500,sequence
383,cue,3,350,1500,sequence
384,cue,1,700,1500,sequence
385,cue,0,700,1500,sequence
386,cue,1,350,1500,sequence
387,cue,3,350,1500,sequence
388,cue,0,700,1500,sequence
389,cue,3,350,1500,sequence
390,cue,2,700,1500,noise
391,cue,0,700,1500,noise
392,cue,1,350,1500,noise
393,cue,3,350,1500,noise
394,cue,0,700,1500,noise
395,cue,3,350,1500,noise
396,cue,1,700,1500,noise
397,cue,2,700,1500,noise
398,cue,3,350,1500,noise
399,cue,2,350,1500,noise
400,cue,1,700,1500,noise
401,cue,0,350,1500,noise
402,cue,2,700,1500,sequence
403,cue,1,700,1500,sequence
404,cue,2,350,1500,sequence
405,cue,0,350,1500,sequence
406,cue,2,700,1500,sequence
407,cue,3,350,1500,sequence
408,cue,1,700,1500,sequence
409,cue,0,700,1500,sequence
410,cue,1,350,1500,sequence
411,cue,3,350,1500,sequence
412,cue,0,700,1500,sequence
413,cue,3,350,1500,sequence
414,cue,2,700,1500,sequence
415,cue,1,700,1500,sequence
416,cue,2,350,1500,sequence
417,cue,0,350,1500,sequence
418,cue,2,700,1500,sequence
419,cue,3,350,1500,sequence
420,cue,1,700,1500,sequence
421,cue,0,700,1500,sequence
422,cue,1,350,1500,sequence
423,cue,3,350,1500,sequence
424,cue,0,700,1500,sequence
425,cue,3,350,1500,sequence
426,cue,2,700,1500,sequence
427,cue,1,700,1500,sequence
428,cue,2,350,1500,sequence
429,cue,0,350,1500,sequence
430,cue,2,700,1500,sequence
431,cue,3,350,1500,sequence
432,cue,1,700,1500,sequence
433,cue,0,700,1500,sequence
434,cue,1,350,1500,sequence
435,cue,3,350,1500,sequence
436,cue,0,700,1500,sequence
437,cue,3,350,1500,sequence
438,cue,2,700,1500,sequence
439,cue,1,700,1500,sequence
440,cue,2,350,1500,sequence
441,cue,0,350,1500,sequence
442,cue,2,700,1500,sequence
443,cue,3,350,1500,sequence
444,cue,1,700,1500,sequence
445,cue,0,700,1500,sequence
446,cue,1,350,1500,sequence
447,cue,3,350,1500,sequence
448,cue,0,700,1500,sequence
449,cue,3,350,1500,sequence
450,cue,2,700,1500,sequence
451,cue,1,700,1500,sequence
452,cue,2,350,1500,sequence
453,cue,0,350,1500,sequence
454,cue,2,700,1500,sequence
455,cue,3,350,1500,sequence
456,cue,1,700,1500,sequence
457,cue,0,700,1500,sequence
458,cue,1,350,1500,sequence
459,cue,3,350,1500,sequence
460,cue,0,700,1500,sequence
461,cue,3,350,1500,sequence
462,cue,2,700,1500,sequence
463,cue,1,700,1500,sequence
464,cue,2,350,1500,sequence
465,cue,0,350,1500,sequence
466,cue,2,700,1500,sequence
467,cue,3,350,1500,sequence
468,cue,1,700,1500,sequence
469,cue,0,700,1500,sequence
470,cue,1,350,1500,sequence
471,cue,3,350,1500,sequence
472,cue,0,700,1500,sequence
473,cue,3,350,1500,sequence
474,cue,2,700,1500,sequence
475,cue,1,700,1500,sequence
476,cue,2,350,1500,sequence
477,cue,0,350,1500,sequence
478,cue,2,700,1500,sequence
479,cue,3,350,1500,sequence
480,cue,1,700,1500,sequence
481,cue,0,700,1500,sequence
482,cue,1,350,1500,sequence
483,cue,3,350,1500,sequence
484,cue,0,700,1500,sequence
485,cue,3,350,1500,sequence
486,cue,0,700,1500,noise
487,cue,2,700,1500,noise
488,cue,1,350,1500,noise
489,cue,3,350,1500,noise
490,cue,2,700,1500,noise
491,cue,3,350,1500,noise
492,cue,0,700,1500,noise
493,cue,1,700,1500,noise
494,cue,2,350,1500,noise
495,cue,0,350,1500,noise
496,cue,3,700,1500,noise
497,cue,1,350,1500,noise
498,cue,2,700,1500,sequence
499,cue,1,700,1500,sequence
500,cue,2,350,1500,sequence
501,cue,0,350,1500,sequence
502,cue,2,700,1500,sequence
503,cue,3,350,1500,sequence
504,cue,1,700,1500,sequence
505,cue,0,700,1500,sequence
506,cue,1,350,1500,sequence
507,cue,3,350,1500,sequence
508,cue,0,700,1500,sequence
509,cue,3,350,1500,sequence
510,dialog,dialog3,2500,0,0
511,score,-1,0,0,0
512,cue,1,700,1500,noise
513,cue,2,700,1500,noise
514,cue,3,350,1500,noise
515,cue,2,350,1500,noise
516,cue,1,700,1500,noise
517,cue,0,350,1500,noise
518,cue,3,700,1500,noise
519,cue,1,700,1500,noise
520,cue,3,350,1500,noise
521,cue,0,350,1500,noise
522,cue,2,700,1500,noise
523,cue,0,350,1500,noise
524,cue,2,700,1500,sequence
525,cue,1,700,1500,sequence
526,cue,2,350,1500,sequence
527,cue,0,350,1500,sequence
528,cue,2,700,1500,sequence
529,cue,3,350,1500,sequence
530,cue,1,700,1500,sequence
531,cue,0,700,1500,sequence
532,cue,1,350,1500,sequence
533,cue,3,350,1500,sequence
534,cue,0,700,1500,sequence
535,cue,3,350,1500,sequence
536,cue,2,700,1500,sequence
537,cue,1,700,1500,sequence
538,cue,2,350,1500,sequence
539,cue,0,350,1500,sequence
540,cue,2,700,1500,sequence
541,cue,3,350,1500,sequence
542,cue,1,700,1500,sequence
543,cue,0,700,1500,sequence
544,cue,1,350,1500,sequence
545,cue,3,350,1500,sequence
546,cue,0,700,1500,sequence
547,cue,3,350,1500,sequence
548,cue,2,700,1500,sequence
549,cue,1,700,1500,sequence
550,cue,2,350,1500,sequence
551,cue,0,350,1500,sequence
552,cue,2,700,1500,sequence
553,cue,3,350,1500,sequence
554,cue,1,700,1500,sequence
555,cue,0,700,1500,sequence
556,cue,1,350,1500,sequence
557,cue,3,350,1500,sequence
558,cue,0,700,1500,sequence
559,cue,3,350,1500,sequence
560,cue,2,700,1500,sequence
561,cue,1,700,1500,sequence
562,cue,2,350,1500,sequence
563,cue,0,350,1500,sequence
564,cue,2,700,1500,sequence
565,cue,3,350,1500,sequence
566,cue,1,700,1500,sequence
567,cue,0,700,1500,sequence
568,cue,1,350,1500,sequence
569,cue,3,350,1500,sequence
570,cue,0,700,1500,sequence
571,cue,3,350,1500,sequence
572,cue,2,700,1500,sequence
573,cue,1,700,1500,sequence
574,cue,2,350,1500,sequence
575,cue,0,350,1500,sequence
576,cue,2,700,1500,sequence
577,cue,3,350,1500,sequence
578,cue,1,700,1500,sequence
579,cue,0,700,1500,sequence
580,cue,1,350,1500,sequence
581,cue,3,350,1500,sequence
582,cue,0,700,1500,sequence
583,cue,3,350,1500,sequence
584,cue,2,700,1500,sequence
585,cue,1,700,1500,sequence
586,cue,2,350,1500,sequence
587,cue,0,350,1500,sequence
588,cue,2,700,1500,sequence
589,cue,3,350,1500,sequence
590,cue,1,700,1500,sequence
591,cue,0,700,1500,sequence
592,cue,1,350,1500,sequence
593,cue,3,350,1500,sequence
594,cue,0,700,1500,sequence
595,cue,3,350,1500,sequence
596,cue,2,700,1500,sequence
597,cue,1,700,1500,sequence
598,cue,2,350,1500,sequence
599,cue,0,350,1500,sequence
600,cue,2,700,1500,sequence
601,cue,3,350,1500,sequence
602,cue,1,700,1500,sequence
603,cue,0,700,1500,sequence
604,cue,1,350,1500,sequence
605,cue,3,350,1500,sequence
606,cue,0,700,1500,sequence
607,cue,3,350,1500,sequence
608,cue,0,700,1500,noise
609,cue,3,700,1500,noise
610,cue,2,350,1500,noise
611,cue,1,350,1500,noise
612,cue,2,700,1500,noise
613,cue,3,350,1500,noise
614,cue,0,700,1500,noise
615,cue,2,700,1500,noise
616,cue,0,350,1500,noise
617,cue,1,350,1500,noise
618,cue,3,700,1500,noise
619,cue,1,350,1500,noise
620,cue,2,700,1500,sequence
621,cue,1,700,1500,sequence
622,cue,2,350,1500,sequence
623,cue,0,350,1500,sequence
624,cue,2,700,1500,sequence
625,cue,3,350,1500,sequence
626,cue,1,700,1500,sequence
627,cue,0,700,1500,sequence
628,cue,1,350,1500,sequence
629,cue,3,350,1500,sequence
630,cue,0,700,1500,sequence
631,cue,3,350,1500,sequence
632,cue,2,700,1500,sequence
633,cue,1,700,1500,sequence
634,cue,2,350,1500,sequence
635,cue,0,350,1500,sequence
636,cue,2,700,1500,sequence
637,cue,3,350,1500,sequence
638,cue,1,700,1500,sequence
639,cue,0,700,1500,sequence
640,cue,1,350,1500,sequence
641,cue,3,350,1500,sequence
642,cue,0,700,1500,sequence
643,cue,3,350,1500,sequence
644,cue,2,700,1500,sequence
645,cue,1,700,1500,sequence
646,cue,2,350,1500,sequence
647,cue,0,350,1500,sequence
648,cue,2,700,1500,sequence
649,cue,3,350,1500,sequence
650,cue,1,700,1500,sequence
651,cue,0,700,1500,sequence
652,cue,1,350,1500,sequence
653,cue,3,350,1500,sequence
654,cue,0,700,1500,sequence
655,cue,3,350,1500,sequence
656,cue,2,700,1500,sequence
657,cue,1,700,1500,sequence
658,cue,2,350,1500,sequence
659,cue,0,350,1500,sequence
660,cue,2,700,1500,sequence
661,cue,3,350,1500,sequence
662,cue,1,700,1500,sequence
663,cue,0,700,1500,sequence
664,cue,1,350,1500,sequence
665,cue,3,350,1500,sequence
666,cue,0,700,1500,sequence
667,cue,3,350,1500,sequence
668,cue,2,700,1500,noise
669,cue,3,700,1500,noise
670,cue,0,350,1500,noise
671,cue,1,350,1500,noise
672,cue,3,700,1500,noise
673,cue,1,350,1500,noise
674,cue,0,700,1500,noise
675,cue,3,700,1500,noise
676,cue,2,350,1500,noise
677,cue,0,350,1500,noise
678,cue,2,700,1500,noise
679,cue,1,350,1500,noise
680,cue,2,700,1500,sequence
681,cue,1,700,1500,sequence
682,cue,2,350,1500,sequence
683,cue,0,350,1500,sequence
684,cue,2,700,1500,sequence
685,cue,3,350,1500,sequence
686,cue,1,700,1500,sequence
687,cue,0,700,1500,sequence
688,cue,1,350,1500,sequence
689,cue,3,350,1500,sequence
690,cue,0,700,1500,sequence
691,cue,3,350,1500,sequence
692,cue,2,700,1500,noise
693,cue,1,700,1500,noise
694,cue,0,350,1500,noise
695,cue,2,350,1500,noise
696,cue,3,700,1500,noise
697,cue,1,350,1500,noise
698,cue,3,700,1500,noise
699,cue,0,700,1500,noise
700,cue,3,350,1500,noise
701,cue,2,350,1500,noise
702,cue,0,700,1500,noise
703,cue,1,350,1500,noise
704,cue,2,700,1500,sequence
705,cue,1,700,1500,sequence
706,cue,2,350,1500,sequence
707,cue,0,350,1500,sequence
708,cue,2,700,1500,sequence
709,cue,3,350,1500,sequence
710,cue,1,700,1500,sequence
711,cue,0,700,1500,sequence
712,cue,1,350,1500,sequence
713,cue,3,350,1500,sequence
714,cue,0,700,1500,sequence
715,cue,3,350,1500,sequence
716,cue,2,700,1500,sequence
717,cue,1,700,1500,sequence
718,cue,2,350,1500,sequence
719,cue,0,350,1500,sequence
720,cue,2,700,1500,sequence
721,cue,3,350,1500,sequence
722,cue,1,700,1500,sequence
723,cue,0,700,1500,sequence
724,cue,1,350,1500,sequence
725,cue,3,350,1500,sequence
726,cue,0,700,1500,sequence
727,cue,3,350,1500,sequence
728,cue,2,700,1500,sequence
729,cue,1,700,1500,sequence
730,cue,2,350,1500,sequence
731,cue,0,350,1500,sequence
732,cue,2,700,1500,sequence
733,cue,3,350,1500,sequence
734,cue,1,700,1500,sequence
735,cue,0,700,1500,sequence
736,cue,1,350,1500,sequence
737,cue,3,350,1500,sequence
738,cue,0,700,1500,sequence
739,cue,3,350,1500,sequence
740,cue,2,700,1500,sequence
741,cue,1,700,1500,sequence
742,cue,2,350,1500,sequence
743,cue,0,350,1500,sequence
744,cue,2,700,1500,sequence
745,cue,3,350,1500,sequence
746,cue,1,700,1500,sequence
747,cue,0,700,1500,sequence
748,cue,1,350,1500,sequence
749,cue,3,350,1500,sequence
750,cue,0,700,1500,sequence
751,cue,3,350,1500,sequence
752,cue,2,700,1500,sequence
753,cue,1,700,1500,sequence
754,cue,2,350,1500,sequence
755,cue,0,350,1500,sequence
756,cue,2,700,1500,sequence
757,cue,3,350,1500,sequence
758,cue,1,700,1500,sequence
759,cue,0,700,1500,sequence
760,cue,1,350,1500,sequence
761,cue,3,350,1500,sequence
762,cue,0,700,1500,sequence
763,cue,3,350,1500,sequence
764,cue,1,700,1500,noise
765,cue,3,700,1500,noise
766,cue,2,350,1500,noise
767,cue,0,350,1500,noise
768,cue,1,700,1500,noise
769,cue,2,350,1500,noise
770,cue,1,700,1500,noise
771,cue,0,700,1500,noise
772,cue,3,350,1500,noise
773,cue,0,350,1500,noise
774,cue,2,700,1500,noise
775,cue,3,350,1500,noise
776,cue,2,700,1500,sequence
777,cue,1,700,1500,sequence
778,cue,2,350,1500,sequence
779,cue,0,350,1500,sequence
780,cue,2,700,1500,sequence
781,cue,3,350,1500,sequence
782,cue,1,700,1500,sequence
783,cue,0,700,1500,sequence
784,cue,1,350,1500,sequence
785,cue,3,350,1500,sequence
786,cue,0,700,1500,sequence
787,cue,3,350,1500,sequence
788,cue,2,700,1500,sequence
789,cue,1,700,1500,sequence
790,cue,2,350,1500,sequence
791,cue,0,350,1500,sequence
792,cue,2,700,1500,sequence
793,cue,3,350,1500,sequence
794,cue,1,700,1500,sequence
795,cue,0,700,1500,sequence
796,cue,1,350,1500,sequence
797,cue,3,350,1500,sequence
798,cue,0,700,1500,sequence
799,cue,3,350,1500,sequence
800,cue,2,700,1500,sequence
801,cue,1,700,1500,sequence
802,cue,2,350,1500,sequence
803,cue,0,350,1500,sequence
804,cue,2,700,1500,sequence
805,cue,3,350,1500,sequence
806,cue,1,700,1500,sequence
807,cue,0,700,1500,sequence
808,cue,1,350,1500,sequence
809,cue,3,350,1500,sequence
810,cue,0,700,1500,sequence
811,cue,3,350,1500,sequence
812,cue,2,700,1500,sequence
813,cue,1,700,1500,sequence
814,cue,2,350,1500,sequence
815,cue,0,350,1500,sequence
816,cue,2,700,1500,sequence
817,cue,3,350,1500,sequence
818,cue,1,700,1500,sequence
819,cue,0,700,1500,sequence
820,cue,1,350,1500,sequence
821,cue,3,350,1500,sequence
822,cue,0,700,1500,sequence
823,cue,3,350,1500,sequence
824,cue,2,700,1500,sequence
825,cue,1,700,1500,sequence
826,cue,2,350,1500,sequence
827,cue,0,350,1500,sequence
828,cue,2,700,1500,sequence
829,cue,3,350,1500,sequence
830,cue,1,700,1500,sequence
831,cue,0,700,1500,sequence
832,cue,1,350,1500,sequence
833,cue,3,350,1500,sequence
834,cue,0,700,1500,sequence
835,cue,3,350,1500,sequence
836,cue,2,700,1500,noise
837,cue,0,700,1500,noise
838,cue,2,350,1500,noise
839,cue,3,350,1500,noise
840,cue,0,700,1500,noise
841,cue,3,350,1500,noise
842,cue,1,700,1500,noise
843,cue,3,700,1500,noise
844,cue,2,350,1500,noise
845,cue,1,350,1500,noise
846,cue,0,700,1500,noise
847,cue,1,350,1500,noise
848,cue,2,700,1500,sequence
849,cue,1,700,1500,sequence
850,cue,2,350,1500,sequence
851,cue,0,350,1500,sequence
852,cue,2,700,1500,sequence
853,cue,3,350,1500,sequence
854,cue,1,700,1500,sequence
855,cue,0,700,1500,sequence
856,cue,1,350,1500,sequence
857,cue,3,350,1500,sequence
858,cue,0,700,1500,sequence
859,cue,3,350,1500,sequence
860,cue,2,700,1500,sequence
861,cue,1,700,1500,sequence
862,cue,2,350,1500,sequence
863,cue,0,350,1500,sequence
864,cue,2,700,1500,sequence
865,cue,3,350,1500,sequence
866,cue,1,700,1500,sequence
867,cue,0,700,1500,sequence
868,cue,1,350,1500,sequence
869,cue,3,350,1500,sequence
870,cue,0,700,1500,sequence
871,cue,3,350,1500,sequence
872,cue,2,700,1500,sequence
873,cue,1,700,1500,sequence
874,cue,2,350,1500,sequence
875,cue,0,350,1500,sequence
876,cue,2,700,1500,sequence
877,cue,3,350,1500,sequence
878,cue,1,700,1500,sequence
879,cue,0,700,1500,sequence
880,cue,1,350,1500,sequence
881,cue,3,350,1500,sequence
882,cue,0,700,1500,sequence
883,cue,3,350,1500,sequence
884,cue,2,700,1500,sequence
885,cue,1,700,1500,sequence
886,cue,2,350,1500,sequence
887,cue,0,350,1500,sequence
888,cue,2,700,1500,sequence
889,cue,3,350,1500,sequence
890,cue,1,700,1500,sequence
891,cue,0,700,1500,sequence
892,cue,1,350,1500,sequence
893,cue,3,350,1500,sequence
894,cue,0,700,1500,sequence
895,cue,3,350,1500,sequence
896,cue,2,700,1500,sequence
897,cue,1,700,1500,sequence
898,cue,2,350,1500,sequence
899,cue,0,350,1500,sequence
900,cue,2,700,1500,sequence
901,cue,3,350,1500,sequence
902,cue,1,700,1500,sequence
903,cue,0,700,1500,sequence
904,cue,1,350,1500,sequence
905,cue,3,350,1500,sequence
906,cue,0,700,1500,sequence
907,cue,3,350,1500,sequence
908,cue,2,700,1500,sequence
909,cue,1,700,1500,sequence
910,cue,2,350,1500,sequence
911,cue,0,350,1500,sequence
912,cue,2,700,1500,sequence
913,cue,3,350,1500,sequence
914,cue,1,700,1500,sequence
915,cue,0,700,1500,sequence
916,cue,1,350,1500,sequence
917,cue,3,350,1500,sequence
918,cue,0,700,1500,sequence
919,cue,3,350,1500,sequence
920,cue,1,700,1500,noise
921,cue,0,700,1500,noise
922,cue,3,350,1500,noise
923,cue,0,350,1500,noise
924,cue,2,700,1500,noise
925,cue,0,350,1500,noise
926,cue,1,700,1500,noise
927,cue,2,700,1500,noise
928,cue,3,350,1500,noise
929,cue,1,350,1500,noise
930,cue,3,700,1500,noise
931,cue,2,350,1500,noise
932,cue,1,700,1500,noise
933,cue,3,700,1500,noise
934,cue,2,350,1500,noise
935,cue,1,350,1500,noise
936,cue,0,700,1500,noise
937,cue,2,350,1500,noise
938,cue,3,700,1500,noise
939,cue,1,700,1500,noise
940,cue,2,350,1500,noise
941,cue,0,350,1500,noise
942,cue,3,700,1500,noise
943,cue,0,350,1500,noise
944,cue,2,700,1500,sequence
945,cue,1,700,1500,sequence
946,cue,2,350,1500,sequence
947,cue,0,350,1500,sequence
948,cue,2,700,1500,sequence
949,cue,3,350,1500,sequence
950,cue,1,700,1500,sequence
951,cue,0,700,1500,sequence
952,cue,1,350,1500,sequence
953,cue,3,350,1500,sequence
954,cue,0,700,1500,sequence
955,cue,3,350,1500,sequence
956,cue,2,700,1500,sequence
957,cue,1,700,1500,sequence
958,cue,2,350,1500,sequence
959,cue,0,350,1500,sequence
960,cue,2,700,1500,sequence
961,cue,3,350,1500,sequence
962,cue,1,700,1500,sequence
963,cue,0,700,1500,sequence
964,cue,1,350,1500,sequence
965,cue,3,350,1500,sequence
966,cue,0,700,1500,sequence
967,cue,3,350,1500,sequence
968,cue,2,700,1500,sequence
969,cue,1,700,1500,sequence
970,cue,2,350,1500,sequence
971,cue,0,350,1500,sequence
972,cue,2,700,1500,sequence
973,cue,3,350,1500,sequence
974,cue,1,700,1500,sequence
975,cue,0,700,1500,sequence
976,cue,1,350,1500,sequence
977,cue,3,350,1500,sequence
978,cue,0,700,1500,sequence
979,cue,3,350,1500,sequence
980,cue,2,700,1500,sequence
981,cue,1,700,1500,sequence
982,cue,2,350,1500,sequence
983,cue,0,350,1500,sequence
984,cue,2,700,1500,sequence
985,cue,3,350,1500,sequence
986,cue,1,700,1500,sequence
987,cue,0,700,1500,sequence
988,cue,1,350,1500,sequence
989,cue,3,350,1500,sequence
990,cue,0,700,1500,sequence
991,cue,3,350,1500,sequence
992,dialog,dialog3,2500,0,0
993,score,-1,0,0,0
994,cue,0,700,1500,noise
995,cue,3,700,1500,noise
996,cue,1,350,1500,noise
997,cue,2,350,1500,noise
998,cue,3,700,1500,noise
999,cue,2,350,1500,noise
1000,cue,0,700,1500,noise
1001,cue,1,700,1500,noise
1002,cue,0,350,1500,noise
1003,cue,2,350,1500,noise
1004,cue,1,700,1500,noise
1005,cue,3,350,1500,noise
1006,cue,2,700,1500,sequence
1007,cue,1,700,1500,sequence
1008,cue,2,350,1500,sequence
1009,cue,0,350,1500,sequence
1010,cue,2,700,1500,sequence
1011,cue,3,350,1500,sequence
1012,cue,1,700,1500,sequence
1013,cue,0,700,1500,sequence
1014,cue,1,350,1500,sequence
1015,cue,3,350,1500,sequence
1016,cue,0,700,1500,sequence
1017,cue,3,350,1500,sequence
1018,cue,2,700,1500,sequence
1019,cue,1,700,1500,sequence
1020,cue,2,350,1500,sequence
1021,cue,0,350,1500,sequence
1022,cue,2,700,1500,sequence
1023,cue,3,350,1500,sequence
1024,cue,1,700,1500,sequence
1025,cue,0,700,1500,sequence
1026,cue,1,350,1500,sequence
1027,cue,3,350,1500,sequence
1028,cue,0,700,1500,sequence
1029,cue,3,350,1500,sequence
1030,cue,2,700,1500,sequence
1031,cue,1,700,1500,sequence
1032,cue,2,350,1500,sequence
1033,cue,0,350,1500,sequence
1034,cue,2,700,1500,sequence
1035,cue,3,350,1500,sequence
1036,cue,1,700,1500,sequence
1037,cue,0,700,1500,sequence
1038,cue,1,350,1500,sequence
1039,cue,3,350,1500,sequence
1040,cue,0,700,1500,sequence
1041,cue,3,350,1500,sequence
1042,cue,2,700,1500,sequence
1043,cue,1,700,1500,sequence
1044,cue,2,350,1500,sequence
1045,cue,0,350,1500,sequence
1046,cue,2,700,1500,sequence
1047,cue,3,350,1500,sequence
1048,cue,1,700,1500,sequence
1049,cue,0,700,1500,sequence
1050,cue,1,350,1500,sequence
1051,cue,3,350,1500,sequence
1052,cue,0,700,1500,sequence
1053,cue,3,350,1500,sequence
1054,cue,2,700,1500,sequence
1055,cue,1,700,1500,sequence
1056,cue,2,350,1500,sequence
1057,cue,0,350,1500,sequence
1058,cue,2,700,1500,sequence
1059,cue,3,350,1500,sequence
1060,cue,1,700,1500,sequence
1061,cue,0,700,1500,sequence
1062,cue,1,350,1500,sequence
1063,cue,3,350,1500,sequence
1064,cue,0,700,1500,sequence
1065,cue,3,350,1500,sequence
1066,cue,2,700,1500,sequence
1067,cue,1,700,1500,sequence
1068,cue,2,350,1500,sequence
1069,cue,0,350,1500,sequence
1070,cue,2,700,1500,sequence
1071,cue,3,350,1500,sequence
1072,cue,1,700,1500,sequence
1073,cue,0,700,1500,sequence
1074,cue,1,350,1500,sequence
1075,cue,3,350,1500,sequence
1076,cue,0,700,1500,sequence
1077,cue,3,350,1500,sequence
1078,cue,0,700,1500,noise
1079,cue,3,700,1500,noise
1080,cue,2,350,1500,noise
1081,cue,0,350,1500,noise
1082,cue,2,700,1500,noise
1083,cue,3,350,1500,noise
1084,cue,1,700,1500,noise
1085,cue,2,700,1500,noise
1086,cue,1,350,1500,noise
1087,cue,0,350,1500,noise
1088,cue,1,700,1500,noise
1089,cue,3,350,1500,noise
1090,cue,2,700,1500,sequence
1091,cue,1,700,1500,sequence
1092,cue,2,350,1500,sequence
1093,cue,0,350,1500,sequence
1094,cue,2,700,1500,sequence
1095,cue,3,350,1500,sequence
1096,cue,1,700,1500,sequence
1097,cue,0,700,1500,sequence
1098,cue,1,350,1500,sequence
1099,cue,3,350,1500,sequence
1100,cue,0,700,1500,sequence
1101,cue,3,350,1500,sequence
1102,cue,2,700,1500,sequence
1103,cue,1,700,1500,sequence
1104,cue,2,350,1500,sequence
1105,cue,0,350,1500,sequence
1106,cue,2,700,1500,sequence
1107,cue,3,350,1500,sequence
1108,cue,1,700,1500,sequence
1109,cue,0,700,1500,sequence
1110,cue,1,350,1500,sequence
1111,cue,3,350,1500,sequence
1112,cue,0,700,1500,sequence
1113,cue,3,350,1500,sequence
1114,cue,2,700,1500,sequence
1115,cue,1,700,1500,sequence
1116,cue,2,350,1500,sequence
1117,cue,0,350,1500,sequence
1118,cue,2,700,1500,sequence
1119,cue,3,350,1500,sequence
1120,cue,1,700,1500,sequence
1121,cue,0,700,1500,sequence
1122,cue,1,350,1500,sequence
1123,cue,3,350,1500,sequence
1124,cue,0,700,1500,sequence
1125,cue,3,350,1500,sequence
1126,cue,2,700,1500,sequence
1127,cue,1,700,1500,sequence
1128,cue,2,350,1500,sequence
1129,cue,0,350,1500,sequence
1130,cue,2,700,1500,sequence
1131,cue,3,350,1500,sequence
1132,cue,1,700,1500,sequence
1133,cue,0,700,1500,sequence
1134,cue,1,350,1500,sequence
1135,cue,3,350,1500,sequence
1136,cue,0,700,1500,sequence
1137,cue,3,350,1500,sequence
1138,cue,2,700,1500,sequence
1139,cue,1,700,1500,sequence
1140,cue,2,350,1500,sequence
1141,cue,0,350,1500,sequence
1142,cue,2,700,1500,sequence
1143,cue,3,350,1500,sequence
1144,cue,1,700,1500,sequence
1145,cue,0,700,1500,sequence
1146,cue,1,350,1500,sequence
1147,cue,3,350,1500,sequence
1148,cue,0,700,1500,sequence
1149,cue,3,350,1500,sequence
1150,cue,2,700,1500,noise
1151,cue,1,700,1500,noise
1152,cue,0,350,1500,noise
1153,cue,1,350,1500,noise
1154,cue,3,700,1500,noise
1155,cue,1,350,1500,noise
1156,cue,2,700,1500,noise
1157,cue,0,700,1500,noise
1158,cue,2,350,1500,noise
1159,cue,3,350,1500,noise
1160,cue,0,700,1500,noise
1161,cue,3,350,1500,noise
1162,cue,2,700,1500,sequence
1163,cue,1,700,1500,sequence
1164,cue,2,350,1500,sequence
1165,cue,0,350,1500,sequence
1166,cue,2,700,1500,sequence
1167,cue,3,350,1500,sequence
1168,cue,1,700,1500,sequence
1169,cue,0,700,1500,sequence
1170,cue,1,350,1500,sequence
1171,cue,3,350,1500,sequence
1172,cue,0,700,1500,sequence
1173,cue,3,350,1500,sequence
1174,cue,0,700,1500,noise
1175,cue,3,700,1500,noise
1176,cue,1,350,1500,noise
1177,cue,3,350,1500,noise
1178,cue,2,700,1500,noise
1179,cue,3,350,1500,noise
1180,cue,0,700,1500,noise
1181,cue,1,700,1500,noise
1182,cue,2,350,1500,noise
1183,cue,0,350,1500,noise
1184,cue,2,700,1500,noise
1185,cue,1,350,1500,noise
1186,cue,2,700,1500,sequence
1187,cue,1,700,1500,sequence
1188,cue,2,350,1500,sequence
1189,cue,0,350,1500,sequence
1190,cue,2,700,1500,sequence
1191,cue,3,350,1500,sequence
1192,cue,1,700,1500,sequence
1193,cue,0,700,1500,sequence
1194,cue,1,350,1500,sequence
1195,cue,3,350,1500,sequence
1196,cue,0,700,1500,sequence
1197,cue,3,350,1500,sequence
1198,cue,2,700,1500,sequence
1199,cue,1,700,1500,sequence
1200,cue,2,350,1500,sequence
1201,cue,0,350,1500,sequence
1202,cue,2,700,1500,sequence
1203,cue,3,350,1500,sequence
1204,cue,1,700,1500,sequence
1205,cue,0,700,1500,sequence
1206,cue,1,350,1500,sequence
1207,cue,3,350,1500,sequence
1208,cue,0,700,1500,sequence
1209,cue,3,350,1500,sequence
1210,cue,2,700,1500,sequence
1211,cue,1,700,1500,sequence
1212,cue,2,350,1500,sequence
1213,cue,0,350,1500,sequence
1214,cue,2,700,1500,sequence
1215,cue,3,350,1500,sequence
1216,cue,1,700,1500,sequence
1217,cue,0,700,1500,sequence
1218,cue,1,350,1500,sequence
1219,cue,3,350,1500,sequence
1220,cue,0,700,1500,sequence
1221,cue,3,350,1500,sequence
1222,cue,2,700,1500,sequence
1223,cue,1,700,1500,sequence
1224,cue,2,350,1500,sequence
1225,cue,0,350,1500,sequence
1226,cue,2,700,1500,sequence
1227,cue,3,350,1500,sequence
1228,cue,1,700,1500,sequence
1229,cue,0,700,1500,sequence
1230,cue,1,350,1500,sequence
1231,cue,3,350,1500,sequence
1232,cue,0,700,1500,sequence
1233,cue,3,350,1500,sequence
1234,cue,0,700,1500,noise
1235,cue,2,700,1500,noise
1236,cue,3,350,1500,noise
1237,cue,2,350,1500,noise
1238,cue,0,700,1500,noise
1239,cue,3,350,1500,noise
1240,cue,1,700,1500,noise
1241,cue,3,700,1500,noise
1242,cue,0,350,1500,noise
1243,cue,1,350,1500,noise
1244,cue,2,700,1500,noise
1245,cue,1,350,1500,noise
1246,cue,2,700,1500,sequence
1247,cue,1,700,1500,sequence
1248,cue,2,350,1500,sequence
1249,cue,0,350,1500,sequence
1250,cue,2,700,1500,sequence
1251,cue,3,350,1500,sequence
1252,cue,1,700,1500,sequence
1253,cue,0,700,1500,sequence
1254,cue,1,350,1500,sequence
1255,cue,3,350,1500,sequence
1256,cue,0,700,1500,sequence
1257,cue,3,350,1500,sequence
1258,cue,2,700,1500,sequence
1259,cue,1,700,1500,sequence
1260,cue,2,350,1500,sequence
1261,cue,0,350,1500,sequence
1262,cue,2,700,1500,sequence
1263,cue,3,350,1500,sequence
1264,cue,1,700,1500,sequence
1265,cue,0,700,1500,sequence
1266,cue,1,350,1500,sequence
1267,cue,3,350,1500,sequence
1268,cue,0,700,1500,sequence
1269,cue,3,350,1500,sequence
1270,cue,2,700,1500,sequence
1271,cue,1,700,1500,sequence
1272,cue,2,350,1500,sequence
1273,cue,0,350,1500,sequence
1274,cue,2,700,1500,sequence
1275,cue,3,350,1500,sequence
1276,cue,1,700,1500,sequence
1277,cue,0,700,1500,sequence
1278,cue,1,350,1500,sequence
1279,cue,3,350,1500,sequence
1280,cue,0,700,1500,sequence
1281,cue,3,350,1500,sequence
1282,cue,2,700,1500,sequence
1283,cue,1,700,1500,sequence
1284,cue,2,350,1500,sequence
1285,cue,0,350,1500,sequence
1286,cue,2,700,1500,sequence
1287,cue,3,350,1500,sequence
1288,cue,1,700,1500,sequence
1289,cue,0,700,1500,sequence
1290,cue,1,350,1500,sequence
1291,cue,3,350,1500,sequence
1292,cue,0,700,1500,sequence
1293,cue,3,350,1500,sequence
1294,cue,2,700,1500,sequence
1295,cue,1,700,1500,sequence
1296,cue,2,350,1500,sequence
1297,cue,0,350,1500,sequence
1298,cue,2,700,1500,sequence
1299,cue,3,350,1500,sequence
1300,cue,1,700,1500,sequence
1301,cue,0,700,1500,sequence
1302,cue,1,350,1500,sequence
1303,cue,3,350,1500,sequence
1304,cue,0,700,1500,sequence
1305,cue,3,350,1500,sequence
1306,cue,2,700,1500,sequence
1307,cue,1,700,1500,sequence
1308,cue,2,350,1500,sequence
1309,cue,0,350,1500,sequence
1310,cue,2,700,1500,sequence
1311,cue,3,350,1500,sequence
1312,cue,1,700,1500,sequence
1313,cue,0,700,1500,sequence
1314,cue,1,350,1500,sequence
1315,cue,3,350,1500,sequence
1316,cue,0,700,1500,sequence
1317,cue,3,350,1500,sequence
1318,cue,2,700,1500,noise
1319,cue,3,700,1500,noise
1320,cue,1,350,1500,noise
1321,cue,0,350,1500,noise
1322,cue,1,700,1500,noise
1323,cue,3,350,1500,noise
1324,cue,0,700,1500,noise
1325,cue,3,700,1500,noise
1326,cue,2,350,1500,noise
1327,cue,0,350,1500,noise
1328,cue,2,700,1500,noise
1329,cue,1,350,1500,noise
1330,cue,2,700,1500,sequence
1331,cue,1,700,1500,sequence
1332,cue,2,350,1500,sequence
1333,cue,0,350,1500,sequence
1334,cue,2,700,1500,sequence
1335,cue,3,350,1500,sequence
1336,cue,1,700,1500,sequence
1337,cue,0,700,1500,sequence
1338,cue,1,350,1500,sequence
1339,cue,3,350,1500,sequence
1340,cue,0,700,1500,sequence
1341,cue,3,350,1500,sequence
1342,cue,2,700,1500,sequence
1343,cue,1,700,1500,sequence
1344,cue,2,350,1500,sequence
1345,cue,0,350,1500,sequence
1346,cue,2,700,1500,sequence
1347,cue,3,350,1500,sequence
1348,cue,1,700,1500,sequence
1349,cue,0,700,1500,sequence
1350,cue,1,350,1500,sequence
1351,cue,3,350,1500,sequence
1352,cue,0,700,1500,sequence
1353,cue,3,350,1500,sequence
1354,cue,2,700,1500,sequence
1355,cue,1,700,1500,sequence
1356,cue,2,350,1500,sequence
1357,cue,0,350,1500,sequence
1358,cue,2,700,1500,sequence
1359,cue,3,350,1500,sequence
1360,cue,1,700,1500,sequence
1361,cue,0,700,1500,sequence
1362,cue,1,350,1500,sequence
1363,cue,3,350,1500,sequence
1364,cue,0,700,1500,sequence
1365,cue,3,350,1500,sequence
1366,cue,2,700,1500,sequence
1367,cue,1,700,1500,sequence
1368,cue,2,350,1500,sequence
1369,cue,0,350,1500,sequence
1370,cue,2,700,1500,sequence
1371,cue,3,350,1500,sequence
1372,cue,1,700,1500,sequence
1373,cue,0,700,1500,sequence
1374,cue,1,350,1500,sequence
1375,cue,3,350,1500,sequence
1376,cue,0,700,1500,sequence
1377,cue,3,350,1500,sequence
1378,cue,2,700,1500,sequence
1379,cue,1,700,1500,sequence
1380,cue,2,350,1500,sequence
1381,cue,0,350,1500,sequence
1382,cue,2,700,1500,sequence
1383,cue,3,350,1500,sequence
1384,cue,1,700,1500,sequence
1385,cue,0,700,1500,sequence
1386,cue,1,350,1500,sequence
1387,cue,3,350,1500,sequence
1388,cue,0,700,1500,sequence
1389,cue,3,350,1500,sequence
1390,cue,2,700,1500,sequence
1391,cue,1,700,1500,sequence
1392,cue,2,350,1500,sequence
1393,cue,0,350,1500,sequence
1394,cue,2,700,1500,sequence
1395,cue,3,350,1500,sequence
1396,cue,1,700,1500,sequence
1397,cue,0,700,1500,sequence
1398,cue,1,350,1500,sequence
1399,cue,3,350,1500,sequence
1400,cue,0,700,1500,sequence
1401,cue,3,350,1500,sequence
1402,cue,0,700,1500,noise
1403,cue,3,700,1500,noise
1404,cue,2,350,1500,noise
1405,cue,1,350,1500,noise
1406,cue,0,700,1500,noise
1407,cue,1,350,1500,noise
1408,cue,3,700,1500,noise
1409,cue,0,700,1500,noise
1410,cue,2,350,1500,noise
1411,cue,3,350,1500,noise
1412,cue,1,700,1500,noise
1413,cue,2,350,1500,noise
1414,cue,3,700,1500,noise
1415,cue,0,700,1500,noise
1416,cue,1,350,1500,noise
1417,cue,0,350,1500,noise
1418,cue,2,700,1500,noise
1419,cue,3,350,1500,noise
1420,cue,2,700,1500,noise
1421,cue,0,700,1500,noise
1422,cue,3,350,1500,noise
1423,cue,1,350,1500,noise
1424,cue,2,700,1500,noise
1425,cue,1,350,1500,noise
1426,cue,2,700,1500,sequence
1427,cue,1,700,1500,sequence
1428,cue,2,350,1500,sequence
1429,cue,0,350,1500,sequence
1430,cue,2,700,1500,sequence
1431,cue,3,350,1500,sequence
1432,cue,1,700,1500,sequence
1433,cue,0,700,1500,sequence
1434,cue,1,350,1500,sequence
1435,cue,3,350,1500,sequence
1436,cue,0,700,1500,sequence
1437,cue,3,350,1500,sequence
1438,cue,2,700,1500,sequence
1439,cue,1,700,1500,sequence
1440,cue,2,350,1500,sequence
1441,cue,0,350,1500,sequence
1442,cue,2,700,1500,sequence
1443,cue,3,350,1500,sequence
1444,cue,1,700,1500,sequence
1445,cue,0,700,1500,sequence
1446,cue,1,350,1500,sequence
1447,cue,3,350,1500,sequence
1448,cue,0,700,1500,sequence
1449,cue,3,350,1500,sequence
1450,cue,2,700,1500,sequence
1451,cue,1,700,1500,sequence
1452,cue,2,350,1500,sequence
1453,cue,0,350,1500,sequence
1454,cue,2,700,1500,sequence
1455,cue,3,350,1500,sequence
1456,cue,1,700,1500,sequence
1457,cue,0,700,1500,sequence
1458,cue,1,350,1500,sequence
1459,cue,3,350,1500,sequence
1460,cue,0,700,1500,sequence
1461,cue,3,350,1500,sequence
1462,cue,2,700,1500,sequence
1463,cue,1,700,1500,sequence
1464,cue,2,350,1500,sequence
1465,cue,0,350,1500,sequence
1466,cue,2,700,1500,sequence
1467,cue,3,350,1500,sequence
1468,cue,1,700,1500,sequence
1469,cue,0,700,1500,sequence
1470,cue,1,350,1500,sequence
1471,cue,3,350,1500,sequence
1472,cue,0,700,1500,sequence
1473,cue,3,350,1500,sequence
1474,dialog,dialog3,2500,0,0
1475,score,-1,0,0,0
1476,cue,0,700,1500,noise
1477,cue,3,700,1500,noise
1478,cue,2,350,1500,noise
1479,cue,3,350,1500,noise
1480,cue,0,700,1500,noise
1481,cue,2,350,1500,noise
1482,cue,1,700,1500,noise
1483,cue,2,700,1500,noise
1484,cue,0,350,1500,noise
1485,cue,1,350,1500,noise
1486,cue,3,700,1500,noise
1487,cue,1,350,1500,noise
1488,cue,2,700,1500,sequence
1489,cue,1,700,1500,sequence
1490,cue,2,350,1500,sequence
1491,cue,0,350,1500,sequence
1492,cue,2,700,1500,sequence
1493,cue,3,350,1500,sequence
1494,cue,1,700,1500,sequence
1495,cue,0,700,1500,sequence
1496,cue,1,350,1500,sequence
1497,cue,3,350,1500,sequence
1498,cue,0,700,1500,sequence
1499,cue,3,350,1500,sequence
1500,cue,2,700,1500,sequence
1501,cue,1,700,1500,sequence
1502,cue,2,350,1500,sequence
1503,cue,0,350,1500,sequence
1504,cue,2,700,1500,sequence
1505,cue,3,350,1500,sequence
1506,cue,1,700,1500,sequence
1507,cue,0,700,1500,sequence
1508,cue,1,350,1500,sequence
1509,cue,3,350,1500,sequence
1510,cue,0,700,1500,sequence
1511,cue,3,350,1500,sequence
1512,cue,2,700,1500,sequence
1513,cue,1,700,1500,sequence
1514,cue,2,350,1500,sequence
1515,cue,0,350,1500,sequence
1516,cue,2,700,1500,sequence
1517,cue,3,350,1500,sequence
1518,cue,1,700,1500,sequence
1519,cue,0,700,1500,sequence
1520,cue,1,350,1500,sequence
1521,cue,3,350,1500,sequence
1522,cue,0,700,1500,sequence
1523,cue,3,350,1500,sequence
1524,cue,2,700,1500,sequence
1525,cue,1,700,1500,sequence
1526,cue,2,350,1500,sequence
1527,cue,0,350,1500,sequence
1528,cue,2,700,1500,sequence
1529,cue,3,350,1500,sequence
1530,cue,1,700,1500,sequence
1531,cue,0,700,1500,sequence
1532,cue,1,350,1500,sequence
1533,cue,3,350,1500,sequence
1534,cue,0,700,1500,sequence
1535,cue,3,350,1500,sequence
1536,cue,2,700,1500,sequence
1537,cue,1,700,1500,sequence
1538,cue,2,350,1500,sequence
1539,cue,0,350,1500,sequence
1540,cue,2,700,1500,sequence
1541,cue,3,350,1500,sequence
1542,cue,1,700,1500,sequence
1543,cue,0,700,1500,sequence
1544,cue,1,350,1500,sequence
1545,cue,3,350,1500,sequence
1546,cue,0,700,1500,sequence
1547,cue,3,350,1500,sequence
1548,cue,2,700,1500,sequence
1549,cue,1,700,1500,sequence
1550,cue,2,350,1500,sequence
1551,cue,0,350,1500,sequence
1552,cue,2,700,1500,sequence
1553,cue,3,350,1500,sequence
1554,cue,1,700,1500,sequence
1555,cue,0,700,1500,sequence
1556,cue,1,350,1500,sequence
1557,cue,3,350,1500,sequence
1558,cue,0,700,1500,sequence
1559,cue,3,350,1500,sequence
1560,cue,2,700,1500,sequence
1561,cue,1,700,1500,sequence
1562,cue,2,350,1500,sequence
1563,cue,0,350,1500,sequence
1564,cue,2,700,1500,sequence
1565,cue,3,350,1500,sequence
1566,cue,1,700,1500,sequence
1567,cue,0,700,1500,sequence
1568,cue,1,350,1500,sequence
1569,cue,3,350,1500,sequence
1570,cue,0,700,1500,sequence
1571,cue,3,350,1500,sequence
1572,cue,2,700,1500,sequence
1573,cue,1,700,1500,sequence
1574,cue,2,350,1500,sequence
1575,cue,0,350,1500,sequence
1576,cue,2,700,1500,sequence
1577,cue,3,350,1500,sequence
1578,cue,1,700,1500,sequence
1579,cue,0,700,1500,sequence
1580,cue,1,350,1500,sequence
1581,cue,3,350,1500,sequence
1582,cue,0,700,1500,sequence
1583,cue,3,350,1500,sequence
1584,cue,2,700,1500,noise
1585,cue,1,700,1500,noise
1586,cue,3,350,1500,noise
1587,cue,0,350,1500,noise
1588,cue,1,700,1500,noise
1589,cue,0,350,1500,noise
1590,cue,3,700,1500,noise
1591,cue,2,700,1500,noise
1592,cue,3,350,1500,noise
1593,cue,1,350,1500,noise
1594,cue,2,700,1500,noise
1595,cue,0,350,1500,noise
1596,cue,2,700,1500,sequence
1597,cue,1,700,1500,sequence
1598,cue,2,350,1500,sequence
1599,cue,0,350,1500,sequence
1600,cue,2,700,1500,sequence
1601,cue,3,350,1500,sequence
1602,cue,1,700,1500,sequence
1603,cue,0,700,1500,sequence
1604,cue,1,350,1500,sequence
1605,cue,3,350,1500,sequence
1606,cue,0,700,1500,sequence
1607,cue,3,350,1500,sequence
1608,cue,2,700,1500,sequence
1609,cue,1,700,1500,sequence
1610,cue,2,350,1500,sequence
1611,cue,0,350,1500,sequence
1612,cue,2,700,1500,sequence
1613,cue,3,350,1500,sequence
1614,cue,1,700,1500,sequence
1615,cue,0,700,1500,sequence
1616,cue,1,350,1500,sequence
1617,cue,3,350,1500,sequence
1618,cue,0,700,1500,sequence
1619,cue,3,350,1500,sequence
1620,cue,2,700,1500,sequence
1621,cue,1,700,1500,sequence
1622,cue,2,350,1500,sequence
1623,cue,0,350,1500,sequence
1624,cue,2,700,1500,sequence
1625,cue,3,350,1500,sequence
1626,cue,1,700,1500,sequence
1627,cue,0,700,1500,sequence
1628,cue,1,350,1500,sequence
1629,cue,3,350,1500,sequence
1630,cue,0,700,1500,sequence
1631,cue,3,350,1500,sequence
1632,cue,1,700,1500,noise
1633,cue,2,700,1500,noise
1634,cue,1,350,1500,noise
1635,cue,0,350,1500,noise
1636,cue,3,700,1500,noise
1637,cue,2,350,1500,noise
1638,cue,0,700,1500,noise
1639,cue,2,700,1500,noise
1640,cue,3,350,1500,noise
1641,cue,0,350,1500,noise
1642,cue,1,700,1500,noise
1643,cue,3,350,1500,noise
1644,cue,2,700,1500,sequence
1645,cue,1,700,1500,sequence
1646,cue,2,350,1500,sequence
1647,cue,0,350,1500,sequence
1648,cue,2,700,1500,sequence
1649,cue,3,350,1500,sequence
1650,cue,1,700,1500,sequence
1651,cue,0,700,1500,sequence
1652,cue,1,350,1500,sequence
1653,cue,3,350,1500,sequence
1654,cue,0,700,1500,sequence
1655,cue,3,350,1500,sequence
1656,cue,2,700,1500,noise
1657,cue,1,700,1500,noise
1658,cue,3,350,1500,noise
1659,cue,2,350,1500,noise
1660,cue,3,700,1500,noise
1661,cue,1,350,1500,noise
1662,cue,0,700,1500,noise
1663,cue,3,700,1500,noise
1664,cue,0,350,1500,noise
1665,cue,1,350,1500,noise
1666,cue,2,700,1500,noise
1667,cue,0,350,1500,noise
1668,cue,2,700,1500,sequence
1669,cue,1,700,1500,sequence
1670,cue,2,350,1500,sequence
1671,cue,0,350,1500,sequence
1672,cue,2,700,1500,sequence
1673,cue,3,350,1500,sequence
1674,cue,1,700,1500,sequence
1675,cue,0,700,1500,sequence
1676,cue,1,350,1500,sequence
1677,cue,3,350,1500,sequence
1678,cue,0,700,1500,sequence
1679,cue,3,350,1500,sequence
1680,cue,2,700,1500,sequence
1681,cue,1,700,1500,sequence
1682,cue,2,350,1500,sequence
1683,cue,0,350,1500,sequence
1684,cue,2,700,1500,sequence
1685,cue,3,350,1500,sequence
1686,cue,1,700,1500,sequence
1687,cue,0,700,1500,sequence
1688,cue,1,350,1500,sequence
1689,cue,3,350,1500,sequence
1690,cue,0,700,1500,sequence
1691,cue,3,350,1500,sequence
1692,cue,2,700,1500,sequence
1693,cue,1,700,1500,sequence
1694,cue,2,350,1500,sequence
1695,cue,0,350,1500,sequence
1696,cue,2,700,1500,sequence
1697,cue,3,350,1500,sequence
1698,cue,1,700,1500,sequence
1699,cue,0,700,1500,sequence
1700,cue,1,350,1500,sequence
1701,cue,3,350,1500,sequence
1702,cue,0,700,1500,sequence
1703,cue,3,350,1500,sequence
1704,cue,2,700,1500,sequence
1705,cue,1,700,1500,sequence
1706,cue,2,350,1500,sequence
1707,cue,0,350,1500,sequence
1708,cue,2,700,1500,sequence
1709,cue,3,350,1500,sequence
1710,cue,1,700,1500,sequence
1711,cue,0,700,1500,sequence
1712,cue,1,350,1500,sequence
1713,cue,3,350,1500,sequence
1714,cue,0,700,1500,sequence
1715,cue,3,350,1500,sequence
1716,cue,2,700,1500,noise
1717,cue,1,700,1500,noise
1718,cue,0,350,1500,noise
1719,cue,1,350,1500,noise
1720,cue,3,700,1500,noise
1721,cue,0,350,1500,noise
1722,cue,3,700,1500,noise
1723,cue,1,700,1500,noise
1724,cue,2,350,1500,noise
1725,cue,0,350,1500,noise
1726,cue,2,700,1500,noise
1727,cue,3,350,1500,noise
1728,cue,2,700,1500,sequence
1729,cue,1,700,1500,sequence
1730,cue,2,350,1500,sequence
1731,cue,0,350,1500,sequence
1732,cue,2,700,1500,sequence
1733,cue,3,350,1500,sequence
1734,cue,1,700,1500,sequence
1735,cue,0,700,1500,sequence
1736,cue,1,350,1500,sequence
1737,cue,3,350,1500,sequence
1738,cue,0,700,1500,sequence
1739,cue,3,350,1500,sequence
1740,cue,2,700,1500,sequence
1741,cue,1,700,1500,sequence
1742,cue,2,350,1500,sequence
1743,cue,0,350,1500,sequence
1744,cue,2,700,1500,sequence
1745,cue,3,350,1500,sequence
1746,cue,1,700,1500,sequence
1747,cue,0,700,1500,sequence
1748,cue,1,350,1500,sequence
1749,cue,3,350,1500,sequence
1750,cue,0,700,1500,sequence
1751,cue,3,350,1500,sequence
1752,cue,2,700,1500,sequence
1753,cue,1,700,1500,sequence
1754,cue,2,350,1500,sequence
1755,cue,0,350,1500,sequence
1756,cue,2,700,1500,sequence
1757,cue,3,350,1500,sequence
1758,cue,1,700,1500,sequence
1759,cue,0,700,1500,sequence
1760,cue,1,350,1500,sequence
1761,cue,3,350,1500,sequence
1762,cue,0,700,1500,sequence
1763,cue,3,350,1500,sequence
1764,cue,2,700,1500,sequence
1765,cue,1,700,1500,sequence
1766,cue,2,350,1500,sequence
1767,cue,0,350,1500,sequence
1768,cue,2,700,1500,sequence
1769,cue,3,350,1500,sequence
1770,cue,1,700,1500,sequence
1771,cue,0,700,1500,sequence
1772,cue,1,350,1500,sequence
1773,cue,3,350,1500,sequence
1774,cue,0,700,1500,sequence
1775,cue,3,350,1500,sequence
1776,cue,2,700,1500,sequence
1777,cue,1,700,1500,sequence
1778,cue,2,350,1500,sequence
1779,cue,0,350,1500,sequence
1780,cue,2,700,1500,sequence
1781,cue,3,350,1500,sequence
1782,cue,1,700,1500,sequence
1783,cue,0,700,1500,sequence
1784,cue,1,350,1500,sequence
1785,cue,3,350,1500,sequence
1786,cue,0,700,1500,sequence
1787,cue,3,350,1500,sequence
1788,cue,2,700,1500,sequence
1789,cue,1,700,1500,sequence
1790,cue,2,350,1500,sequence
1791,cue,0,350,1500,sequence
1792,cue,2,700,1500,sequence
1793,cue,3,350,1500,sequence
1794,cue,1,700,1500,sequence
1795,cue,0,700,1500,sequence
1796,cue,1,350,1500,sequence
1797,cue,3,350,1500,sequence
1798,cue,0,700,1500,sequence
1799,cue,3,350,1500,sequence
1800,cue,2,700,1500,noise
1801,cue,1,700,1500,noise
1802,cue,3,350,1500,noise
1803,cue,2,350,1500,noise
1804,cue,3,700,1500,noise
1805,cue,0,350,1500,noise
1806,cue,1,700,1500,noise
1807,cue,0,700,1500,noise
1808,cue,3,350,1500,noise
1809,cue,1,350,1500,noise
1810,cue,2,700,1500,noise
1811,cue,0,350,1500,noise
1812,cue,2,700,1500,sequence
1813,cue,1,700,1500,sequence
1814,cue,2,350,1500,sequence
1815,cue,0,350,1500,sequence
1816,cue,2,700,1500,sequence
1817,cue,3,350,1500,sequence
1818,cue,1,700,1500,sequence
1819,cue,0,700,1500,sequence
1820,cue,1,350,1500,sequence
1821,cue,3,350,1500,sequence
1822,cue,0,700,1500,sequence
1823,cue,3,350,1500,sequence
1824,cue,2,700,1500,sequence
1825,cue,1,700,1500,sequence
1826,cue,2,350,1500,sequence
1827,cue,0,350,1500,sequence
1828,cue,2,700,1500,sequence
1829,cue,3,350,1500,sequence
1830,cue,1,700,1500,sequence
1831,cue,0,700,1500,sequence
1832,cue,1,350,1500,sequence
1833,cue,3,350,1500,sequence
1834,cue,0,700,1500,sequence
1835,cue,3,350,1500,sequence
1836,cue,1,700,1500,noise
1837,cue,3,700,1500,noise
1838,cue,2,350,1500,noise
1839,cue,3,350,1500,noise
1840,cue,0,700,1500,noise
1841,cue,2,350,1500,noise
1842,cue,1,700,1500,noise
1843,cue,2,700,1500,noise
1844,cue,0,350,1500,noise
1845,cue,1,350,1500,noise
1846,cue,0,700,1500,noise
1847,cue,3,350,1500,noise
1848,cue,2,700,1500,sequence
1849,cue,1,700,1500,sequence
1850,cue,2,350,1500,sequence
1851,cue,0,350,1500,sequence
1852,cue,2,700,1500,sequence
1853,cue,3,350,1500,sequence
1854,cue,1,700,1500,sequence
1855,cue,0,700,1500,sequence
1856,cue,1,350,1500,sequence
1857,cue,3,350,1500,sequence
1858,cue,0,700,1500,sequence
1859,cue,3,350,1500,sequence
1860,cue,2,700,1500,sequence
1861,cue,1,700,1500,sequence
1862,cue,2,350,1500,sequence
1863,cue,0,350,1500,sequence
1864,cue,2,700,1500,sequence
1865,cue,3,350,1500,sequence
1866,cue,1,700,1500,sequence
1867,cue,0,700,1500,sequence
1868,cue,1,350,1500,sequence
1869,cue,3,350,1500,sequence
1870,cue,0,700,1500,sequence
1871,cue,3,350,1500,sequence
1872,cue,2,700,1500,sequence
1873,cue,1,700,1500,sequence
1874,cue,2,350,1500,sequence
1875,cue,0,350,1500,sequence
1876,cue,2,700,1500,sequence
1877,cue,3,350,1500,sequence
1878,cue,1,700,1500,sequence
1879,cue,0,700,1500,sequence
1880,cue,1,350,1500,sequence
1881,cue,3,350,1500,sequence
1882,cue,0,700,1500,sequence
1883,cue,3,350,1500,sequence
1884,cue,2,700,1500,sequence
1885,cue,1,700,1500,sequence
1886,cue,2,350,1500,sequence
1887,cue,0,350,1500,sequence
1888,cue,2,700,1500,sequence
1889,cue,3,350,1500,sequence
1890,cue,1,700,1500,sequence
1891,cue,0,700,1500,sequence
1892,cue,1,350,1500,sequence
1893,cue,3,350,1500,sequence
1894,cue,0,700,1500,sequence
1895,cue,3,350,1500,sequence
1896,cue,2,700,1500,sequence
1897,cue,1,700,1500,sequence
1898,cue,2,350,1500,sequence
1899,cue,0,350,1500,sequence
1900,cue,2,700,1500,sequence
1901,cue,3,350,1500,sequence
1902,cue,1,700,1500,sequence
1903,cue,0,700,1500,sequence
1904,cue,1,350,1500,sequence
1905,cue,3,350,1500,sequence
1906,cue,0,700,1500,sequence
1907,cue,3,350,1500,sequence
1908,cue,2,700,1500,sequence
1909,cue,1,700,1500,sequence
1910,cue,2,350,1500,sequence
1911,cue,0,350,1500,sequence
1912,cue,2,700,1500,sequence
1913,cue,3,350,1500,sequence
1914,cue,1,700,1500,sequence
1915,cue,0,700,1500,sequence
1916,cue,1,350,1500,sequence
1917,cue,3,350,1500,sequence
1918,cue,0,700,1500,sequence
1919,cue,3,350,1500,sequence
1920,cue,0,700,1500,noise
1921,cue,3,700,1500,noise
1922,cue,1,350,1500,noise
1923,cue,3,350,1500,noise
1924,cue,2,700,1500,noise
1925,cue,0,350,1500,noise
1926,cue,2,700,1500,noise
1927,cue,3,700,1500,noise
1928,cue,0,350,1500,noise
1929,cue,1,350,1500,noise
1930,cue,2,700,1500,noise
1931,cue,1,350,1500,noise
1932,cue,2,700,1500,sequence
1933,cue,1,700,1500,sequence
1934,cue,2,350,1500,sequence
1935,cue,0,350,1500,sequence
1936,cue,2,700,1500,sequence
1937,cue,3,350,1500,sequence
1938,cue,1,700,1500,sequence
1939,cue,0,700,1500,sequence
1940,cue,1,350,1500,sequence
1941,cue,3,350,1500,sequence
1942,cue,0,700,1500,sequence
1943,cue,3,350,1500,sequence
1944,cue,2,700,1500,sequence
1945,cue,1,700,1500,sequence
1946,cue,2,350,1500,sequence
1947,cue,0,350,1500,sequence
1948,cue,2,700,1500,sequence
1949,cue,3,350,1500,sequence
1950,cue,1,700,1500,sequence
1951,cue,0,700,1500,sequence
1952,cue,1,350,1500,sequence
1953,cue,3,350,1500,sequence
1954,cue,0,700,1500,sequence
1955,cue,3,350,1500,sequence
1956,dialog,dialog3,2500,0,0
1957,score,-1,0,0,0
1958,cue,0,700,1500,noise
1959,cue,3,700,1500,noise
1960,cue,0,350,1500,noise
1961,cue,2,350,1500,noise
1962,cue,0,700,1500,noise
1963,cue,1,350,1500,noise
1964,cue,3,700,1500,noise
1965,cue,1,700,1500,noise
1966,cue,2,350,1500,noise
1967,cue,3,350,1500,noise
1968,cue,2,700,1500,noise
1969,cue,1,350,1500,noise
1970,cue,2,700,1500,sequence
1971,cue,1,700,1500,sequence
1972,cue,2,350,1500,sequence
1973,cue,0,350,1500,sequence
1974,cue,2,700,1500,sequence
1975,cue,3,350,1500,sequence
1976,cue,1,700,1500,sequence
1977,cue,0,700,1500,sequence
1978,cue,1,350,1500,sequence
1979,cue,3,350,1500,sequence
1980,cue,0,700,1500,sequence
1981,cue,3,350,1500,sequence
1982,cue,2,700,1500,sequence
1983,cue,1,700,1500,sequence
1984,cue,2,350,1500,sequence
1985,cue,0,350,1500,sequence
1986,cue,2,700,1500,sequence
1987,cue,3,350,1500,sequence
1988,cue,1,700,1500,sequence
1989,cue,0,700,1500,sequence
1990,cue,1,350,1500,sequence
1991,cue,3,350,1500,sequence
1992,cue,0,700,1500,sequence
1993,cue,3,350,1500,sequence
1994,cue,2,700,1500,sequence
1995,cue,1,700,1500,sequence
1996,cue,2,350,1500,sequence
1997,cue,0,350,1500,sequence
1998,cue,2,700,1500,sequence
1999,cue,3,350,1500,sequence
2000,cue,1,700,1500,sequence
2001,cue,0,700,1500,sequence
2002,cue,1,350,1500,sequence
2003,cue,3,350,1500,sequence
2004,cue,0,700,1500,sequence
2005,cue,3,350,1500,sequence
2006,cue,2,700,1500,sequence
2007,cue,1,700,1500,sequence
2008,cue,2,350,1500,sequence
2009,cue,0,350,1500,sequence
2010,cue,2,700,1500,sequence
2011,cue,3,350,1500,sequence
2012,cue,1,700,1500,sequence
2013,cue,0,700,1500,sequence
2014,cue,1,350,1500,sequence
2015,cue,3,350,1500,sequence
2016,cue,0,700,1500,sequence
2017,cue,3,350,1500,sequence
2018,cue,2,700,1500,sequence
2019,cue,1,700,1500,sequence
2020,cue,2,350,1500,sequence
2021,cue,0,350,1500,sequence
2022,cue,2,700,1500,sequence
2023,cue,3,350,1500,sequence
2024,cue,1,700,1500,sequence
2025,cue,0,700,1500,sequence
2026,cue,1,350,1500,sequence
2027,cue,3,350,1500,sequence
2028,cue,0,700,1500,sequence
2029,cue,3,350,1500,sequence
2030,cue,2,700,1500,sequence
2031,cue,1,700,1500,sequence
2032,cue,2,350,1500,sequence
2033,cue,0,350,1500,sequence
2034,cue,2,700,1500,sequence
2035,cue,3,350,1500,sequence
2036,cue,1,700,1500,sequence
2037,cue,0,700,1500,sequence
2038,cue,1,350,1500,sequence
2039,cue,3,350,1500,sequence
2040,cue,0,700,1500,sequence
2041,cue,3,350,1500,sequence
2042,cue,2,700,1500,sequence
2043,cue,1,700,1500,sequence
2044,cue,2,350,1500,sequence
2045,cue,0,350,1500,sequence
2046,cue,2,700,1500,sequence
2047,cue,3,350,1500,sequence
2048,cue,1,700,1500,sequence
2049,cue,0,700,1500,sequence
2050,cue,1,350,1500,sequence
2051,cue,3,350,1500,sequence
2052,cue,0,700,1500,sequence
2053,cue,3,350,1500,sequence
2054,cue,2,700,1500,sequence
2055,cue,1,700,1500,sequence
2056,cue,2,350,1500,sequence
2057,cue,0,350,1500,sequence
2058,cue,2,700,1500,sequence
2059,cue,3,350,1500,sequence
2060,cue,1,700,1500,sequence
2061,cue,0,700,1500,sequence
2062,cue,1,350,1500,sequence
2063,cue,3,350,1500,sequence
2064,cue,0,700,1500,sequence
2065,cue,3,350,1500,sequence
2066,cue,1,700,1500,noise
2067,cue,2,700,1500,noise
2068,cue,3,350,1500,noise
2069,cue,0,350,1500,noise
2070,cue,1,700,1500,noise
2071,cue,0,350,1500,noise
2072,cue,2,700,1500,noise
2073,cue,1,700,1500,noise
2074,cue,3,350,1500,noise
2075,cue,2,350,1500,noise
2076,cue,0,700,1500,noise
2077,cue,3,350,1500,noise
2078,cue,2,700,1500,sequence
2079,cue,1,700,1500,sequence
2080,cue,2,350,1500,sequence
2081,cue,0,350,1500,sequence
2082,cue,2,700,1500,sequence
2083,cue,3,350,1500,sequence
2084,cue,1,700,1500,sequence
2085,cue,0,700,1500,sequence
2086,cue,1,350,1500,sequence
2087,cue,3,350,1500,sequence
2088,cue,0,700,1500,sequence
2089,cue,3,350,1500,sequence
2090,cue,2,700,1500,sequence
2091,cue,1,700,1500,sequence
2092,cue,2,350,1500,sequence
2093,cue,0,350,1500,sequence
2094,cue,2,700,1500,sequence
2095,cue,3,350,1500,sequence
2096,cue,1,700,1500,sequence
2097,cue,0,700,1500,sequence
2098,cue,1,350,1500,sequence
2099,cue,3,350,1500,sequence
2100,cue,0,700,1500,sequence
2101,cue,3,350,1500,sequence
2102,cue,1,700,1500,noise
2103,cue,2,700,1500,noise
2104,cue,1,350,1500,noise
2105,cue,0,350,1500,noise
2106,cue,2,700,1500,noise
2107,cue,0,350,1500,noise
2108,cue,1,700,1500,noise
2109,cue,3,700,1500,noise
2110,cue,0,350,1500,noise
2111,cue,3,350,1500,noise
2112,cue,2,700,1500,noise
2113,cue,3,350,1500,noise
2114,cue,2,700,1500,sequence
2115,cue,1,700,1500,sequence
2116,cue,2,350,1500,sequence
2117,cue,0,350,1500,sequence
2118,cue,2,700,1500,sequence
2119,cue,3,350,1500,sequence
2120,cue,1,700,1500,sequence
2121,cue,0,700,1500,sequence
2122,cue,1,350,1500,sequence
2123,cue,3,350,1500,sequence
2124,cue,0,700,1500,sequence
2125,cue,3,350,1500,sequence
2126,cue,2,700,1500,sequence
2127,cue,1,700,1500,sequence
2128,cue,2,350,1500,sequence
2129,cue,0,350,1500,sequence
2130,cue,2,700,1500,sequence
2131,cue,3,350,1500,sequence
2132,cue,1,700,1500,sequence
2133,cue,0,700,1500,sequence
2134,cue,1,350,1500,sequence
2135,cue,3,350,1500,sequence
2136,cue,0,700,1500,sequence
2137,cue,3,350,1500,sequence
2138,cue,2,700,1500,sequence
2139,cue,1,700,1500,sequence
2140,cue,2,350,1500,sequence
2141,cue,0,350,1500,sequence
2142,cue,2,700,1500,sequence
2143,cue,3,350,1500,sequence
2144,cue,1,700,1500,sequence
2145,cue,0,700,1500,sequence
2146,cue,1,350,1500,sequence
2147,cue,3,350,1500,sequence
2148,cue,0,700,1500,sequence
2149,cue,3,350,1500,sequence
2150,cue,2,700,1500,sequence
2151,cue,1,700,1500,sequence
2152,cue,2,350,1500,sequence
2153,cue,0,350,1500,sequence
2154,cue,2,700,1500,sequence
2155,cue,3,350,1500,sequence
2156,cue,1,700,1500,sequence
2157,cue,0,700,1500,sequence
2158,cue,1,350,1500,sequence
2159,cue,3,350,1500,sequence
2160,cue,0,700,1500,sequence
2161,cue,3,350,1500,sequence
2162,cue,2,700,1500,noise
2163,cue,1,700,1500,noise
2164,cue,3,350,1500,noise
2165,cue,1,350,1500,noise
2166,cue,0,700,1500,noise
2167,cue,1,350,1500,noise
2168,cue,2,700,1500,noise
2169,cue,0,700,1500,noise
2170,cue,2,350,1500,noise
2171,cue,3,350,1500,noise
2172,cue,0,700,1500,noise
2173,cue,3,350,1500,noise
2174,cue,2,700,1500,sequence
2175,cue,1,700,1500,sequence
2176,cue,2,350,1500,sequence
2177,cue,0,350,1500,sequence
2178,cue,2,700,1500,sequence
2179,cue,3,350,1500,sequence
2180,cue,1,700,1500,sequence
2181,cue,0,700,1500,sequence
2182,cue,1,350,1500,sequence
2183,cue,3,350,1500,sequence
2184,cue,0,700,1500,sequence
2185,cue,3,350,1500,sequence
2186,cue,2,700,1500,sequence
2187,cue,1,700,1500,sequence
2188,cue,2,350,1500,sequence
2189,cue,0,350,1500,sequence
2190,cue,2,700,1500,sequence
2191,cue,3,350,1500,sequence
2192,cue,1,700,1500,sequence
2193,cue,0,700,1500,sequence
2194,cue,1,350,1500,sequence
2195,cue,3,350,1500,sequence
2196,cue,0,700,1500,sequence
2197,cue,3,350,1500,sequence
2198,cue,2,700,1500,noise
2199,cue,0,700,1500,noise
2200,cue,2,350,1500,noise
2201,cue,3,350,1500,noise
2202,cue,1,700,1500,noise
2203,cue,0,350,1500,noise
2204,cue,1,700,1500,noise
2205,cue,2,700,1500,noise
2206,cue,1,350,1500,noise
2207,cue,3,350,1500,noise
2208,cue,0,700,1500,noise
2209,cue,3,350,1500,noise
2210,cue,2,700,1500,sequence
2211,cue,1,700,1500,sequence
2212,cue,2,350,1500,sequence
2213,cue,0,350,1500,sequence
2214,cue,2,700,1500,sequence
2215,cue,3,350,1500,sequence
2216,cue,1,700,1500,sequence
2217,cue,0,700,1500,sequence
2218,cue,1,350,1500,sequence
2219,cue,3,350,1500,sequence
2220,cue,0,700,1500,sequence
2221,cue,3,350,1500,sequence
2222,cue,2,700,1500,sequence
2223,cue,1,700,1500,sequence
2224,cue,2,350,1500,sequence
2225,cue,0,350,1500,sequence
2226,cue,2,700,1500,sequence
2227,cue,3,350,1500,sequence
2228,cue,1,700,1500,sequence
2229,cue,0,700,1500,sequence
2230,cue,1,350,1500,sequence
2231,cue,3,350,1500,sequence
2232,cue,0,700,1500,sequence
2233,cue,3,350,1500,sequence
2234,cue,2,700,1500,sequence
2235,cue,1,700,1500,sequence
2236,cue,2,350,1500,sequence
2237,cue,0,350,1500,sequence
2238,cue,2,700,1500,sequence
2239,cue,3,350,1500,sequence
2240,cue,1,700,1500,sequence
2241,cue,0,700,1500,sequence
2242,cue,1,350,1500,sequence
2243,cue,3,350,1500,sequence
2244,cue,0,700,1500,sequence
2245,cue,3,350,1500,sequence
2246,cue,2,700,1500,sequence
2247,cue,1,700,1500,sequence
2248,cue,2,350,1500,sequence
2249,cue,0,350,1500,sequence
2250,cue,2,700,1500,sequence
2251,cue,3,350,1500,sequence
2252,cue,1,700,1500,sequence
2253,cue,0,700,1500,sequence
2254,cue,1,350,1500,sequence
2255,cue,3,350,1500,sequence
2256,cue,0,700,1500,sequence
2257,cue,3,350,1500,sequence
2258,cue,2,700,1500,sequence
2259,cue,1,700,1500,sequence
2260,cue,2,350,1500,sequence
2261,cue,0,350,1500,sequence
2262,cue,2,700,1500,sequence
2263,cue,3,350,1500,sequence
2264,cue,1,700,1500,sequence
2265,cue,0,700,1500,sequence
2266,cue,1,350,1500,sequence
2267,cue,3,350,1500,sequence
2268,cue,0,700,1500,sequence
2269,cue,3,350,1500,sequence
2270,cue,2,700,1500,sequence
2271,cue,1,700,1500,sequence
2272,cue,2,350,1500,sequence
2273,cue,0,350,1500,sequence
2274,cue,2,700,1500,sequence
2275,cue,3,350,1500,sequence
2276,cue,1,700,1500,sequence
2277,cue,0,700,1500,sequence
2278,cue,1,350,1500,sequence
2279,cue,3,350,1500,sequence
2280,cue,0,700,1500,sequence
2281,cue,3,350,1500,sequence
2282,cue,2,700,1500,sequence
2283,cue,1,700,1500,sequence
2284,cue,2,350,1500,sequence
2285,cue,0,350,1500,sequence
2286,cue,2,700,1500,sequence
2287,cue,3,350,1500,sequence
2288,cue,1,700,1500,sequence
2289,cue,0,700,1500,sequence
2290,cue,1,350,1500,sequence
2291,cue,3,350,1500,sequence
2292,cue,0,700,1500,sequence
2293,cue,3,350,1500,sequence
2294,cue,2,700,1500,sequence
2295,cue,1,700,1500,sequence
2296,cue,2,350,1500,sequence
2297,cue,0,350,1500,sequence
2298,cue,2,700,1500,sequence
2299,cue,3,350,1500,sequence
2300,cue,1,700,1500,sequence
2301,cue,0,700,1500,sequence
2302,cue,1,350,1500,sequence
2303,cue,3,350,1500,sequence
2304,cue,0,700,1500,sequence
2305,cue,3,350,1500,sequence
2306,cue,1,700,1500,noise
2307,cue,0,700,1500,noise
2308,cue,2,350,1500,noise
2309,cue,1,350,1500,noise
2310,cue,2,700,1500,noise
2311,cue,0,350,1500,noise
2312,cue,3,700,1500,noise
2313,cue,2,700,1500,noise
2314,cue,3,350,1500,noise
2315,cue,1,350,1500,noise
2316,cue,3,700,1500,noise
2317,cue,0,350,1500,noise
2318,cue,2,700,1500,sequence
2319,cue,1,700,1500,sequence
2320,cue,2,350,1500,sequence
2321,cue,0,350,1500,sequence
2322,cue,2,700,1500,sequence
2323,cue,3,350,1500,sequence
2324,cue,1,700,1500,sequence
2325,cue,0,700,1500,sequence
2326,cue,1,350,1500,sequence
2327,cue,3,350,1500,sequence
2328,cue,0,700,1500,sequence
2329,cue,3,350,1500,sequence
2330,cue,2,700,1500,sequence
2331,cue,1,700,1500,sequence
2332,cue,2,350,1500,sequence
2333,cue,0,350,1500,sequence
2334,cue,2,700,1500,sequence
2335,cue,3,350,1500,sequence
2336,cue,1,700,1500,sequence
2337,cue,0,700,1500,sequence
2338,cue,1,350,1500,sequence
2339,cue,3,350,1500,sequence
2340,cue,0,700,1500,sequence
2341,cue,3,350,1500,sequence
2342,cue,2,700,1500,sequence
2343,cue,1,700,1500,sequence
2344,cue,2,350,1500,sequence
2345,cue,0,350,1500,sequence
2346,cue,2,700,1500,sequence
2347,cue,3,350,1500,sequence
2348,cue,1,700,1500,sequence
2349,cue,0,700,1500,sequence
2350,cue,1,350,1500,sequence
2351,cue,3,350,1500,sequence
2352,cue,0,700,1500,sequence
2353,cue,3,350,1500,sequence
2354,cue,0,700,1500,noise
2355,cue,3,700,1500,noise
2356,cue,2,350,1500,noise
2357,cue,3,350,1500,noise
2358,cue,1,700,1500,noise
2359,cue,0,350,1500,noise
2360,cue,1,700,1500,noise
2361,cue,2,700,1500,noise
2362,cue,0,350,1500,noise
2363,cue,2,350,1500,noise
2364,cue,1,700,1500,noise
2365,cue,3,350,1500,noise
2366,cue,2,700,1500,sequence
2367,cue,1,700,1500,sequence
2368,cue,2,350,1500,sequence
2369,cue,0,350,1500,sequence
2370,cue,2,700,1500,sequence
2371,cue,3,350,1500,sequence
2372,cue,1,700,1500,sequence
2373,cue,0,700,1500,sequence
2374,cue,1,350,1500,sequence
2375,cue,3,350,1500,sequence
2376,cue,0,700,1500,sequence
2377,cue,3,350,1500,sequence
2378,cue,2,700,1500,sequence
2379,cue,1,700,1500,sequence
2380,cue,2,350,1500,sequence
2381,cue,0,350,1500,sequence
2382,cue,2,700,1500,sequence
2383,cue,3,350,1500,sequence
2384,cue,1,700,1500,sequence
2385,cue,0,700,1500,sequence
2386,cue,1,350,1500,sequence
2387,cue,3,350,1500,sequence
2388,cue,0,700,1500,sequence
2389,cue,3,350,1500,sequence
2390,cue,2,700,1500,noise
2391,cue,3,700,1500,noise
2392,cue,0,350,1500,noise
2393,cue,2,350,1500,noise
2394,cue,1,700,1500,noise
2395,cue,0,350,1500,noise
2396,cue,3,700,1500,noise
2397,cue,2,700,1500,noise
2398,cue,0,350,1500,noise
2399,cue,1,350,1500,noise
2400,cue,3,700,1500,noise
2401,cue,1,350,1500,noise
2402,cue,2,700,1500,sequence
2403,cue,1,700,1500,sequence
2404,cue,2,350,1500,sequence
2405,cue,0,350,1500,sequence
2406,cue,2,700,1500,sequence
2407,cue,3,350,1500,sequence
2408,cue,1,700,1500,sequence
2409,cue,0,700,1500,sequence
2410,cue,1,350,1500,sequence
2411,cue,3,350,1500,sequence
2412,cue,0,700,1500,sequence
2413,cue,3,350,1500,sequence
2414,cue,2,700,1500,sequence
2415,cue,1,700,1500,sequence
2416,cue,2,350,1500,sequence
2417,cue,0,350,1500,sequence
2418,cue,2,700,1500,sequence
2419,cue,3,350,1500,sequence
2420,cue,1,700,1500,sequence
2421,cue,0,700,1500,sequence
2422,cue,1,350,1500,sequence
2423,cue,3,350,1500,sequence
2424,cue,0,700,1500,sequence
2425,cue,3,350,1500,sequence
2426,cue,2,700,1500,sequence
2427,cue,1,700,1500,sequence
2428,cue,2,350,1500,sequence
2429,cue,0,350,1500,sequence
2430,cue,2,700,1500,sequence
2431,cue,3,350,1500,sequence
2432,cue,1,700,1500,sequence
2433,cue,0,700,1500,sequence
2434,cue,1,350,1500,sequence
2435,cue,3,350,1500,sequence
2436,cue,0,700,1500,sequence
2437,cue,3,350,1500,sequence
2438,dialog,dialog3,2500,0,0
2439,score,-1,0,0,0
2440,cue,2,700,1500,noise
2441,cue,1,700,1500,noise
2442,cue,3,350,1500,noise
2443,cue,0,350,1500,noise
2444,cue,1,700,1500,noise
2445,cue,2,350,1500,noise
2446,cue,0,700,1500,noise
2447,cue,3,700,1500,noise
2448,cue,1,350,1500,noise
2449,cue,0,350,1500,noise
2450,cue,2,700,1500,noise
2451,cue,3,350,1500,noise
2452,cue,2,700,1500,sequence
2453,cue,1,700,1500,sequence
2454,cue,2,350,1500,sequence
2455,cue,0,350,1500,sequence
2456,cue,2,700,1500,sequence
2457,cue,3,350,1500,sequence
2458,cue,1,700,1500,sequence
2459,cue,0,700,1500,sequence
2460,cue,1,350,1500,sequence
2461,cue,3,350,1500,sequence
2462,cue,0,700,1500,sequence
2463,cue,3,350,1500,sequence
2464,cue,2,700,1500,sequence
2465,cue,1,700,1500,sequence
2466,cue,2,350,1500,sequence
2467,cue,0,350,1500,sequence
2468,cue,2,700,1500,sequence
2469,cue,3,350,1500,sequence
2470,cue,1,700,1500,sequence
2471,cue,0,700,1500,sequence
2472,cue,1,350,1500,sequence
2473,cue,3,350,1500,sequence
2474,cue,0,700,1500,sequence
2475,cue,3,350,1500,sequence
2476,cue,2,700,1500,sequence
2477,cue,1,700,1500,sequence
2478,cue,2,350,1500,sequence
2479,cue,0,350,1500,sequence
2480,cue,2,700,1500,sequence
2481,cue,3,350,1500,sequence
2482,cue,1,700,1500,sequence
2483,cue,0,700,1500,sequence
2484,cue,1,350,1500,sequence
2485,cue,3,350,1500,sequence
2486,cue,0,700,1500,sequence
2487,cue,3,350,1500,sequence
2488,cue,2,700,1500,sequence
2489,cue,1,700,1500,sequence
2490,cue,2,350,1500,sequence
2491,cue,0,350,1500,sequence
2492,cue,2,700,1500,sequence
2493,cue,3,350,1500,sequence
2494,cue,1,700,1500,sequence
2495,cue,0,700,1500,sequence
2496,cue,1,350,1500,sequence
2497,cue,3,350,1500,sequence
2498,cue,0,700,1500,sequence
2499,cue,3,350,1500,sequence
2500,cue,2,700,1500,sequence
2501,cue,1,700,1500,sequence
2502,cue,2,350,1500,sequence
2503,cue,0,350,1500,sequence
2504,cue,2,700,1500,sequence
2505,cue,3,350,1500,sequence
2506,cue,1,700,1500,sequence
2507,cue,0,700,1500,sequence
2508,cue,1,350,1500,sequence
2509,cue,3,350,1500,sequence
2510,cue,0,700,1500,sequence
2511,cue,3,350,1500,sequence
2512,cue,2,700,1500,sequence
2513,cue,1,700,1500,sequence
2514,cue,2,350,1500,sequence
2515,cue,0,350,1500,sequence
2516,cue,2,700,1500,sequence
2517,cue,3,350,1500,sequence
2518,cue,1,700,1500,sequence
2519,cue,0,700,1500,sequence
2520,cue,1,350,1500,sequence
2521,cue,3,350,1500,sequence
2522,cue,0,700,1500,sequence
2523,cue,3,350,1500,sequence
2524,cue,2,700,1500,sequence
2525,cue,1,700,1500,sequence
2526,cue,2,350,1500,sequence
2527,cue,0,350,1500,sequence
2528,cue,2,700,1500,sequence
2529,cue,3,350,1500,sequence
2530,cue,1,700,1500,sequence
2531,cue,0,700,1500,sequence
2532,cue,1,350,1500,sequence
2533,cue,3,350,1500,sequence
2534,cue,0,700,1500,sequence
2535,cue,3,350,1500,sequence
2536,cue,2,700,1500,sequence
2537,cue,1,700,1500,sequence
2538,cue,2,350,1500,sequence
2539,cue,0,350,1500,sequence
2540,cue,2,700,1500,sequence
2541,cue,3,350,1500,sequence
2542,cue,1,700,1500,sequence
2543,cue,0,700,1500,sequence
2544,cue,1,350,1500,sequence
2545,cue,3,350,1500,sequence
2546,cue,0,700,1500,sequence
2547,cue,3,350,1500,sequence
2548,cue,2,700,1500,noise
2549,cue,1,700,1500,noise
2550,cue,3,350,1500,noise
2551,cue,0,350,1500,noise
2552,cue,2,700,1500,noise
2553,cue,0,350,1500,noise
2554,cue,1,700,1500,noise
2555,cue,0,700,1500,noise
2556,cue,3,350,1500,noise
2557,cue,1,350,1500,noise
2558,cue,2,700,1500,noise
2559,cue,3,350,1500,noise
2560,cue,2,700,1500,sequence
2561,cue,1,700,1500,sequence
2562,cue,2,350,1500,sequence
2563,cue,0,350,1500,sequence
2564,cue,2,700,1500,sequence
2565,cue,3,350,1500,sequence
2566,cue,1,700,1500,sequence
2567,cue,0,700,1500,sequence
2568,cue,1,350,1500,sequence
2569,cue,3,350,1500,sequence
2570,cue,0,700,1500,sequence
2571,cue,3,350,1500,sequence
2572,cue,2,700,1500,sequence
2573,cue,1,700,1500,sequence
2574,cue,2,350,1500,sequence
2575,cue,0,350,1500,sequence
2576,cue,2,700,1500,sequence
2577,cue,3,350,1500,sequence
2578,cue,1,700,1500,sequence
2579,cue,0,700,1500,sequence
2580,cue,1,350,1500,sequence
2581,cue,3,350,1500,sequence
2582,cue,0,700,1500,sequence
2583,cue,3,350,1500,sequence
2584,cue,2,700,1500,sequence
2585,cue,1,700,1500,sequence
2586,cue,2,350,1500,sequence
2587,cue,0,350,1500,sequence
2588,cue,2,700,1500,sequence
2589,cue,3,350,1500,sequence
2590,cue,1,700,1500,sequence
2591,cue,0,700,1500,sequence
2592,cue,1,350,1500,sequence
2593,cue,3,350,1500,sequence
2594,cue,0,700,1500,sequence
2595,cue,3,350,1500,sequence
2596,cue,2,700,1500,sequence
2597,cue,1,700,1500,sequence
2598,cue,2,350,1500,sequence
2599,cue,0,350,1500,sequence
2600,cue,2,700,1500,sequence
2601,cue,3,350,1500,sequence
2602,cue,1,700,1500,sequence
2603,cue,0,700,1500,sequence
2604,cue,1,350,1500,sequence
2605,cue,3,350,1500,sequence
2606,cue,0,700,1500,sequence
2607,cue,3,350,1500,sequence
2608,cue,2,700,1500,noise
2609,cue,3,700,1500,noise
2610,cue,1,350,1500,noise
2611,cue,0,350,1500,noise
2612,cue,2,700,1500,noise
2613,cue,0,350,1500,noise
2614,cue,3,700,1500,noise
2615,cue,2,700,1500,noise
2616,cue,1,350,1500,noise
2617,cue,3,350,1500,noise
2618,cue,0,700,1500,noise
2619,cue,1,350,1500,noise
2620,cue,2,700,1500,sequence
2621,cue,1,700,1500,sequence
2622,cue,2,350,1500,sequence
2623,cue,0,350,1500,sequence
2624,cue,2,700,1500,sequence
2625,cue,3,350,1500,sequence
2626,cue,1,700,1500,sequence
2627,cue,0,700,1500,sequence
2628,cue,1,350,1500,sequence
2629,cue,3,350,1500,sequence
2630,cue,0,700,1500,sequence
2631,cue,3,350,1500,sequence
2632,cue,2,700,1500,sequence
2633,cue,1,700,1500,sequence
2634,cue,2,350,1500,sequence
2635,cue,0,350,1500,sequence
2636,cue,2,700,1500,sequence
2637,cue,3,350,1500,sequence
2638,cue,1,700,1500,sequence
2639,cue,0,700,1500,sequence
2640,cue,1,350,1500,sequence
2641,cue,3,350,1500,sequence
2642,cue,0,700,1500,sequence
2643,cue,3,350,1500,sequence
2644,cue,0,700,1500,noise
2645,cue,2,700,1500,noise
2646,cue,0,350,1500,noise
2647,cue,3,350,1500,noise
2648,cue,2,700,1500,noise
2649,cue,1,350,1500,noise
2650,cue,2,700,1500,noise
2651,cue,3,700,1500,noise
2652,cue,0,350,1500,noise
2653,cue,1,350,1500,noise
2654,cue,3,700,1500,noise
2655,cue,1,350,1500,noise
2656,cue,2,700,1500,sequence
2657,cue,1,700,1500,sequence
2658,cue,2,350,1500,sequence
2659,cue,0,350,1500,sequence
2660,cue,2,700,1500,sequence
2661,cue,3,350,1500,sequence
2662,cue,1,700,1500,sequence
2663,cue,0,700,1500,sequence
2664,cue,1,350,1500,sequence
2665,cue,3,350,1500,sequence
2666,cue,0,700,1500,sequence
2667,cue,3,350,1500,sequence
2668,cue,2,700,1500,sequence
2669,cue,1,700,1500,sequence
2670,cue,2,350,1500,sequence
2671,cue,0,350,1500,sequence
2672,cue,2,700,1500,sequence
2673,cue,3,350,1500,sequence
2674,cue,1,700,1500,sequence
2675,cue,0,700,1500,sequence
2676,cue,1,350,1500,sequence
2677,cue,3,350,1500,sequence
2678,cue,0,700,1500,sequence
2679,cue,3,350,1500,sequence
2680,cue,2,700,1500,sequence
2681,cue,1,700,1500,sequence
2682,cue,2,350,1500,sequence
2683,cue,0,350,1500,sequence
2684,cue,2,700,1500,sequence
2685,cue,3,350,1500,sequence
2686,cue,1,700,1500,sequence
2687,cue,0,700,1500,sequence
2688,cue,1,350,1500,sequence
2689,cue,3,350,1500,sequence
2690,cue,0,700,1500,sequence
2691,cue,3,350,1500,sequence
2692,cue,0,700,1500,noise
2693,cue,3,700,1500,noise
2694,cue,0,350,1500,noise
2695,cue,2,350,1500,noise
2696,cue,3,700,1500,noise
2697,cue,2,350,1500,noise
2698,cue,0,700,1500,noise
2699,cue,1,700,1500,noise
2700,cue,2,350,1500,noise
2701,cue,1,350,1500,noise
2702,cue,3,700,1500,noise
2703,cue,1,350,1500,noise
2704,cue,2,700,1500,sequence
2705,cue,1,700,1500,sequence
2706,cue,2,350,1500,sequence
2707,cue,0,350,1500,sequence
2708,cue,2,700,1500,sequence
2709,cue,3,350,1500,sequence
2710,cue,1,700,1500,sequence
2711,cue,0,700,1500,sequence
2712,cue,1,350,1500,sequence
2713,cue,3,350,1500,sequence
2714,cue,0,700,1500,sequence
2715,cue,3,350,1500,sequence
2716,cue,2,700,1500,sequence
2717,cue,1,700,1500,sequence
2718,cue,2,350,1500,sequence
2719,cue,0,350,1500,sequence
2720,cue,2,700,1500,sequence
2721,cue,3,350,1500,sequence
2722,cue,1,700,1500,sequence
2723,cue,0,700,1500,sequence
2724,cue,1,350,1500,sequence
2725,cue,3,350,1500,sequence
2726,cue,0,700,1500,sequence
2727,cue,3,350,1500,sequence
2728,cue,2,700,1500,sequence
2729,cue,1,700,1500,sequence
2730,cue,2,350,1500,sequence
2731,cue,0,350,1500,sequence
2732,cue,2,700,1500,sequence
2733,cue,3,350,1500,sequence
2734,cue,1,700,1500,sequence
2735,cue,0,700,1500,sequence
2736,cue,1,350,1500,sequence
2737,cue,3,350,1500,sequence
2738,cue,0,700,1500,sequence
2739,cue,3,350,1500,sequence
2740,cue,2,700,1500,noise
2741,cue,3,700,1500,noise
2742,cue,1,350,1500,noise
2743,cue,3,350,1500,noise
2744,cue,0,700,1500,noise
2745,cue,3,350,1500,noise
2746,cue,2,700,1500,noise
2747,cue,0,700,1500,noise
2748,cue,1,350,1500,noise
2749,cue,0,350,1500,noise
2750,cue,2,700,1500,noise
2751,cue,1,350,1500,noise
2752,cue,2,700,1500,sequence
2753,cue,1,700,1500,sequence
2754,cue,2,350,1500,sequence
2755,cue,0,350,1500,sequence
2756,cue,2,700,1500,sequence
2757,cue,3,350,1500,sequence
2758,cue,1,700,1500,sequence
2759,cue,0,700,1500,sequence
2760,cue,1,350,1500,sequence
2761,cue,3,350,1500,sequence
2762,cue,0,700,1500,sequence
2763,cue,3,350,1500,sequence
2764,cue,2,700,1500,sequence
2765,cue,1,700,1500,sequence
2766,cue,2,350,1500,sequence
2767,cue,0,350,1500,sequence
2768,cue,2,700,1500,sequence
2769,cue,3,350,1500,sequence
2770,cue,1,700,1500,sequence
2771,cue,0,700,1500,sequence
2772,cue,1,350,1500,sequence
2773,cue,3,350,1500,sequence
2774,cue,0,700,1500,sequence
2775,cue,3,350,1500,sequence
2776,cue,2,700,1500,sequence
2777,cue,1,700,1500,sequence
2778,cue,2,350,1500,sequence
2779,cue,0,350,1500,sequence
2780,cue,2,700,1500,sequence
2781,cue,3,350,1500,sequence
2782,cue,1,700,1500,sequence
2783,cue,0,700,1500,sequence
2784,cue,1,350,1500,sequence
2785,cue,3,350,1500,sequence
2786,cue,0,700,1500,sequence
2787,cue,3,350,1500,sequence
2788,cue,2,700,1500,sequence
2789,cue,1,700,1500,sequence
2790,cue,2,350,1500,sequence
2791,cue,0,350,1500,sequence
2792,cue,2,700,1500,sequence
2793,cue,3,350,1500,sequence
2794,cue,1,700,1500,sequence
2795,cue,0,700,1500,sequence
2796,cue,1,350,1500,sequence
2797,cue,3,350,1500,sequence
2798,cue,0,700,1500,sequence
2799,cue,3,350,1500,sequence
2800,cue,2,700,1500,sequence
2801,cue,1,700,1500,sequence
2802,cue,2,350,1500,sequence
2803,cue,0,350,1500,sequence
2804,cue,2,700,1500,sequence
2805,cue,3,350,1500,sequence
2806,cue,1,700,1500,sequence
2807,cue,0,700,1500,sequence
2808,cue,1,350,1500,sequence
2809,cue,3,350,1500,sequence
2810,cue,0,700,1500,sequence
2811,cue,3,350,1500,sequence
2812,cue,2,700,1500,sequence
2813,cue,1,700,1500,sequence
2814,cue,2,350,1500,sequence
2815,cue,0,350,1500,sequence
2816,cue,2,700,1500,sequence
2817,cue,3,350,1500,sequence
2818,cue,1,700,1500,sequence
2819,cue,0,700,1500,sequence
2820,cue,1,350,1500,sequence
2821,cue,3,350,1500,sequence
2822,cue,0,700,1500,sequence
2823,cue,3,350,1500,sequence
2824,cue,2,700,1500,sequence
2825,cue,1,700,1500,sequence
2826,cue,2,350,1500,sequence
2827,cue,0,350,1500,sequence
2828,cue,2,700,1500,sequence
2829,cue,3,350,1500,sequence
2830,cue,1,700,1500,sequence
2831,cue,0,700,1500,sequence
2832,cue,1,350,1500,sequence
2833,cue,3,350,1500,sequence
2834,cue,0,700,1500,sequence
2835,cue,3,350,1500,sequence
2836,cue,2,700,1500,noise
2837,cue,0,700,1500,noise
2838,cue,3,350,1500,noise
2839,cue,2,350,1500,noise
2840,cue,1,700,1500,noise
2841,cue,0,350,1500,noise
2842,cue,1,700,1500,noise
2843,cue,2,700,1500,noise
2844,cue,3,350,1500,noise
2845,cue,1,350,1500,noise
2846,cue,3,700,1500,noise
2847,cue,0,350,1500,noise
2848,cue,2,700,1500,sequence
2849,cue,1,700,1500,sequence
2850,cue,2,350,1500,sequence
2851,cue,0,350,1500,sequence
2852,cue,2,700,1500,sequence
2853,cue,3,350,1500,sequence
2854,cue,1,700,1500,sequence
2855,cue,0,700,1500,sequence
2856,cue,1,350,1500,sequence
2857,cue,3,350,1500,sequence
2858,cue,0,700,1500,sequence
2859,cue,3,350,1500,sequence
2860,cue,2,700,1500,sequence
2861,cue,1,700,1500,sequence
2862,cue,2,350,1500,sequence
2863,cue,0,350,1500,sequence
2864,cue,2,700,1500,sequence
2865,cue,3,350,1500,sequence
2866,cue,1,700,1500,sequence
2867,cue,0,700,1500,sequence
2868,cue,1,350,1500,sequence
2869,cue,3,350,1500,sequence
2870,cue,0,700,1500,sequence
2871,cue,3,350,1500,sequence
2872,cue,2,700,1500,sequence
2873,cue,1,700,1500,sequence
2874,cue,2,350,1500,sequence
2875,cue,0,350,1500,sequence
2876,cue,2,700,1500,sequence
2877,cue,3,350,1500,sequence
2878,cue,1,700,1500,sequence
2879,cue,0,700,1500,sequence
2880,cue,1,350,1500,sequence
2881,cue,3,350,1500,sequence
2882,cue,0,700,1500,sequence
2883,cue,3,350,1500,sequence
2884,cue,0,700,1500,noise
2885,cue,3,700,1500,noise
2886,cue,2,350,1500,noise
2887,cue,3,350,1500,noise
2888,cue,1,700,1500,noise
2889,cue,2,350,1500,noise
2890,cue,0,700,1500,noise
2891,cue,1,700,1500,noise
2892,cue,0,350,1500,noise
2893,cue,2,350,1500,noise
2894,cue,1,700,1500,noise
2895,cue,3,350,1500,noise
2896,cue,2,700,1500,sequence
2897,cue,1,700,1500,sequence
2898,cue,2,350,1500,sequence
2899,cue,0,350,1500,sequence
2900,cue,2,700,1500,sequence
2901,cue,3,350,1500,sequence
2902,cue,1,700,1500,sequence
2903,cue,0,700,1500,sequence
2904,cue,1,350,1500,sequence
2905,cue,3,350,1500,sequence
2906,cue,0,700,1500,sequence
2907,cue,3,350,1500,sequence
2908,cue,2,700,1500,sequence
2909,cue,1,700,1500,sequence
2910,cue,2,350,1500,sequence
2911,cue,0,350,1500,sequence
2912,cue,2,700,1500,sequence
2913,cue,3,350,1500,sequence
2914,cue,1,700,1500,sequence
2915,cue,0,700,1500,sequence
2916,cue,1,350,1500,sequence
2917,cue,3,350,1500,sequence
2918,cue,0,700,1500,sequence
2919,cue,3,350,1500,sequence
2920,dialog,dialog3,2500,0,0
2921,score,-1,0,0,0
2922,cue,2,700,1500,impfoil1
2923,cue,3,700,1500,impfoil1
2924,cue,2,350,1500,impfoil1
2925,cue,0,350,1500,impfoil1
2926,cue,1,700,1500,impfoil1
2927,cue,0,350,1500,impfoil1
2928,cue,3,700,1500,impfoil1
2929,cue,0,700,1500,impfoil1
2930,cue,2,350,1500,impfoil1
2931,cue,1,350,1500,impfoil1
2932,cue,3,700,1500,impfoil1
2933,cue,1,350,1500,impfoil1
2934,cue,2,700,1500,impfoil1
2935,cue,3,700,1500,impfoil1
2936,cue,2,350,1500,impfoil1
2937,cue,0,350,1500,impfoil1
2938,cue,1,700,1500,impfoil1
2939,cue,0,350,1500,impfoil1
2940,cue,3,700,1500,impfoil1
2941,cue,0,700,1500,impfoil1
2942,cue,2,350,1500,impfoil1
2943,cue,1,350,1500,impfoil1
2944,cue,3,700,1500,impfoil1
2945,cue,1,350,1500,impfoil1
2946,cue,2,700,1500,impfoil1
2947,cue,3,700,1500,impfoil1
2948,cue,2,350,1500,impfoil1
2949,cue,0,350,1500,impfoil1
2950,cue,1,700,1500,impfoil1
2951,cue,0,350,1500,impfoil1
2952,cue,3,700,1500,impfoil1
2953,cue,0,700,1500,impfoil1
2954,cue,2,350,1500,impfoil1
2955,cue,1,350,1500,impfoil1
2956,cue,3,700,1500,impfoil1
2957,cue,1,350,1500,impfoil1
2958,cue,2,700,1500,impfoil1
2959,cue,3,700,1500,impfoil1
2960,cue,2,350,1500,impfoil1
2961,cue,0,350,1500,impfoil1
2962,cue,1,700,1500,impfoil1
2963,cue,0,350,1500,impfoil1
2964,cue,3,700,1500,impfoil1
2965,cue,0,700,1500,impfoil1
2966,cue,2,350,1500,impfoil1
2967,cue,1,350,1500,impfoil1
2968,cue,3,700,1500,impfoil1
2969,cue,1,350,1500,impfoil1
2970,cue,2,700,1500,impfoil1
2971,cue,3,700,1500,impfoil1
2972,cue,2,350,1500,impfoil1
2973,cue,0,350,1500,impfoil1
2974,cue,1,700,1500,impfoil1
2975,cue,0,350,1500,impfoil1
2976,cue,3,700,1500,impfoil1
2977,cue,0,700,1500,impfoil1
2978,cue,2,350,1500,impfoil1
2979,cue,1,350,1500,impfoil1
2980,cue,3,700,1500,impfoil1
2981,cue,1,350,1500,impfoil1
2982,cue,2,700,1500,sequence
2983,cue,1,700,1500,sequence
2984,cue,2,350,1500,sequence
2985,cue,0,350,1500,sequence
2986,cue,2,700,1500,sequence
2987,cue,3,350,1500,sequence
2988,cue,1,700,1500,sequence
2989,cue,0,700,1500,sequence
2990,cue,1,350,1500,sequence
2991,cue,3,350,1500,sequence
2992,cue,0,700,1500,sequence
2993,cue,3,350,1500,sequence
2994,cue,2,700,1500,sequence
2995,cue,1,700,1500,sequence
2996,cue,2,350,1500,sequence
2997,cue,0,350,1500,sequence
2998,cue,2,700,1500,sequence
2999,cue,3,350,1500,sequence
3000,cue,1,700,1500,sequence
3001,cue,0,700,1500,sequence
3002,cue,1,350,1500,sequence
3003,cue,3,350,1500,sequence
3004,cue,0,700,1500,sequence
3005,cue,3,350,1500,sequence
3006,cue,2,700,1500,sequence
3007,cue,1,700,1500,sequence
3008,cue,2,350,1500,sequence
3009,cue,0,350,1500,sequence
3010,cue,2,700,1500,sequence
3011,cue,3,350,1500,sequence
3012,cue,1,700,1500,sequence
3013,cue,0,700,1500,sequence
3014,cue,1,350,1500,sequence
3015,cue,3,350,1500,sequence
3016,cue,0,700,1500,sequence
3017,cue,3,350,1500,sequence
3018,cue,2,700,1500,sequence
3019,cue,1,700,1500,sequence
3020,cue,2,350,1500,sequence
3021,cue,0,350,1500,sequence
3022,cue,2,700,1500,sequence
3023,cue,3,350,1500,sequence
3024,cue,1,700,1500,sequence
3025,cue,0,700,1500,sequence
3026,cue,1,350,1500,sequence
3027,cue,3,350,1500,sequence
3028,cue,0,700,1500,sequence
3029,cue,3,350,1500,sequence
3030,cue,2,700,1500,sequence
3031,cue,1,700,1500,sequence
3032,cue,2,350,1500,sequence
3033,cue,0,350,1500,sequence
3034,cue,2,700,1500,sequence
3035,cue,3,350,1500,sequence
3036,cue,1,700,1500,sequence
3037,cue,0,700,1500,sequence
3038,cue,1,350,1500,sequence
3039,cue,3,350,1500,sequence
3040,cue,0,700,1500,sequence
3041,cue,3,350,1500,sequence
3042,cue,2,700,1500,impfoil1
3043,cue,3,700,1500,impfoil1
3044,cue,2,350,1500,impfoil1
3045,cue,0,350,1500,impfoil1
3046,cue,1,700,1500,impfoil1
3047,cue,0,350,1500,impfoil1
3048,cue,3,700,1500,impfoil1
3049,cue,0,700,1500,impfoil1
3050,cue,2,350,1500,impfoil1
3051,cue,1,350,1500,impfoil1
3052,cue,3,700,1500,impfoil1
3053,cue,1,350,1500,impfoil1
3054,cue,2,700,1500,impfoil1
3055,cue,3,700,1500,impfoil1
3056,cue,2,350,1500,impfoil1
3057,cue,0,350,1500,impfoil1
3058,cue,1,700,1500,impfoil1
3059,cue,0,350,1500,impfoil1
3060,cue,3,700,1500,impfoil1
3061,cue,0,700,1500,impfoil1
3062,cue,2,350,1500,impfoil1
3063,cue,1,350,1500,impfoil1
3064,cue,3,700,1500,impfoil1
3065,cue,1,350,1500,impfoil1
3066,cue,2,700,1500,impfoil1
3067,cue,3,700,1500,impfoil1
3068,cue,2,350,1500,impfoil1
3069,cue,0,350,1500,impfoil1
3070,cue,1,700,1500,impfoil1
3071,cue,0,350,1500,impfoil1
3072,cue,3,700,1500,impfoil1
3073,cue,0,700,1500,impfoil1
3074,cue,2,350,1500,impfoil1
3075,cue,1,350,1500,impfoil1
3076,cue,3,700,1500,impfoil1
3077,cue,1,350,1500,impfoil1
3078,cue,2,700,1500,impfoil1
3079,cue,3,700,1500,impfoil1
3080,cue,2,350,1500,impfoil1
3081,cue,0,350,1500,impfoil1
3082,cue,1,700,1500,impfoil1
3083,cue,0,350,1500,impfoil1
3084,cue,3,700,1500,impfoil1
3085,cue,0,700,1500,impfoil1
3086,cue,2,350,1500,impfoil1
3087,cue,1,350,1500,impfoil1
3088,cue,3,700,1500,impfoil1
3089,cue,1,350,1500,impfoil1
3090,cue,2,700,1500,impfoil1
3091,cue,3,700,1500,impfoil1
3092,cue,2,350,1500,impfoil1
3093,cue,0,350,1500,impfoil1
3094,cue,1,700,1500,impfoil1
3095,cue,0,350,1500,impfoil1
3096,cue,3,700,1500,impfoil1
3097,cue,0,700,1500,impfoil1
3098,cue,2,350,1500,impfoil1
3099,cue,1,350,1500,impfoil1
3100,cue,3,700,1500,impfoil1
3101,cue,1,350,1500,impfoil1
3102,cue,2,700,1500,sequence
3103,cue,1,700,1500,sequence
3104,cue,2,350,1500,sequence
3105,cue,0,350,1500,sequence
3106,cue,2,700,1500,sequence
3107,cue,3,350,1500,sequence
3108,cue,1,700,1500,sequence
3109,cue,0,700,1500,sequence
3110,cue,1,350,1500,sequence
3111,cue,3,350,1500,sequence
3112,cue,0,700,1500,sequence
3113,cue,3,350,1500,sequence
3114,cue,2,700,1500,sequence
3115,cue,1,700,1500,sequence
3116,cue,2,350,1500,sequence
3117,cue,0,350,1500,sequence
3118,cue,2,700,1500,sequence
3119,cue,3,350,1500,sequence
3120,cue,1,700,1500,sequence
3121,cue,0,700,1500,sequence
3122,cue,1,350,1500,sequence
3123,cue,3,350,1500,sequence
3124,cue,0,700,1500,sequence
3125,cue,3,350,1500,sequence
3126,cue,2,700,1500,sequence
3127,cue,1,700,1500,sequence
3128,cue,2,350,1500,sequence
3129,cue,0,350,1500,sequence
3130,cue,2,700,1500,sequence
3131,cue,3,350,1500,sequence
3132,cue,1,700,1500,sequence
3133,cue,0,700,1500,sequence
3134,cue,1,350,1500,sequence
3135,cue,3,350,1500,sequence
3136,cue,0,700,1500,sequence
3137,cue,3,350,1500,sequence
3138,cue,2,700,1500,sequence
3139,cue,1,700,1500,sequence
3140,cue,2,350,1500,sequence
3141,cue,0,350,1500,sequence
3142,cue,2,700,1500,sequence
3143,cue,3,350,1500,sequence
3144,cue,1,700,1500,sequence
3145,cue,0,700,1500,sequence
3146,cue,1,350,1500,sequence
3147,cue,3,350,1500,sequence
3148,cue,0,700,1500,sequence
3149,cue,3,350,1500,sequence
3150,cue,2,700,1500,sequence
3151,cue,1,700,1500,sequence
3152,cue,2,350,1500,sequence
3153,cue,0,350,1500,sequence
3154,cue,2,700,1500,sequence
3155,cue,3,350,1500,sequence
3156,cue,1,700,1500,sequence
3157,cue,0,700,1500,sequence
3158,cue,1,350,1500,sequence
3159,cue,3,350,1500,sequence
3160,cue,0,700,1500,sequence
3161,cue,3,350,1500,sequence
3162,dialog,dialog3,2500,0,0
3163,score,-1,0,0,0
3164,off,2,700,1500,impfoil2
3165,off,3,700,1500,impfoil2
3166,off,0,350,1500,impfoil2
3167,off,1,350,1500,impfoil2
3168,off,2,700,1500,impfoil2
3169,off,1,350,1500,impfoil2
3170,off,0,700,1500,impfoil2
3171,off,2,700,1500,impfoil2
3172,off,0,350,1500,impfoil2
3173,off,3,350,1500,impfoil2
3174,off,1,700,1500,impfoil2
3175,off,3,350,1500,impfoil2
3176,off,2,700,1500,impfoil2
3177,off,3,700,1500,impfoil2
3178,off,0,350,1500,impfoil2
3179,off,1,350,1500,impfoil2
3180,off,2,700,1500,impfoil2
3181,off,1,350,1500,impfoil2
3182,off,0,700,1500,impfoil2
3183,off,2,700,1500,impfoil2
3184,off,0,350,1500,impfoil2
3185,off,3,350,1500,impfoil2
3186,off,1,700,1500,impfoil2
3187,off,3,350,1500,impfoil2
3188,off,2,700,1500,impfoil2
3189,off,3,700,1500,impfoil2
3190,off,0,350,1500,impfoil2
3191,off,1,350,1500,impfoil2
3192,off,2,700,1500,impfoil2
3193,off,1,350,1500,impfoil2
3194,off,0,700,1500,impfoil2
3195,off,2,700,1500,impfoil2
3196,off,0,350,1500,impfoil2
3197,off,3,350,1500,impfoil2
3198,off,1,700,1500,impfoil2
3199,off,3,350,1500,impfoil2
3200,off,2,700,1500,impfoil2
3201,off,3,700,1500,impfoil2
3202,off,0,350,1500,impfoil2
3203,off,1,350,1500,impfoil2
3204,off,2,700,1500,impfoil2
3205,off,1,350,1500,impfoil2
3206,off,0,700,1500,impfoil2
3207,off,2,700,1500,impfoil2
3208,off,0,350,1500,impfoil2
3209,off,3,350,1500,impfoil2
3210,off,1,700,1500,impfoil2
3211,off,3,350,1500,impfoil2
3212,off,2,700,1500,impfoil2
3213,off,3,700,1500,impfoil2
3214,off,0,350,1500,impfoil2
3215,off,1,350,1500,impfoil2
3216,off,2,700,1500,impfoil2
3217,off,1,350,1500,impfoil2
3218,off,0,700,1500,impfoil2
3219,off,2,700,1500,impfoil2
3220,off,0,350,1500,impfoil2
3221,off,3,350,1500,impfoil2
3222,off,1,700,1500,impfoil2
3223,off,3,350,1500,impfoil2
3224,off,2,700,1500,sequence
3225,off,1,700,1500,sequence
3226,off,2,350,1500,sequence
3227,off,0,350,1500,sequence
3228,off,2,700,1500,sequence
3229,off,3,350,1500,sequence
3230,off,1,700,1500,sequence
3231,off,0,700,1500,sequence
3232,off,1,350,1500,sequence
3233,off,3,350,1500,sequence
3234,off,0,700,1500,sequence
3235,off,3,350,1500,sequence
3236,off,2,700,1500,sequence
3237,off,1,700,1500,sequence
3238,off,2,350,1500,sequence
3239,off,0,350,1500,sequence
3240,off,2,700,1500,sequence
3241,off,3,350,1500,sequence
3242,off,1,700,1500,sequence
3243,off,0,700,1500,sequence
3244,off,1,350,1500,sequence
3245,off,3,350,1500,sequence
3246,off,0,700,1500,sequence
3247,off,3,350,1500,sequence
3248,off,2,700,1500,sequence
3249,off,1,700,1500,sequence
3250,off,2,350,1500,sequence
3251,off,0,350,1500,sequence
3252,off,2,700,1500,sequence
3253,off,3,350,1500,sequence
3254,off,1,700,1500,sequence
3255,off,0,700,1500,sequence
3256,off,1,350,1500,sequence
3257,off,3,350,1500,sequence
3258,off,0,700,1500,sequence
3259,off,3,350,1500,sequence
3260,off,2,700,1500,sequence
3261,off,1,700,1500,sequence
3262,off,2,350,1500,sequence
3263,off,0,350,1500,sequence
3264,off,2,700,1500,sequence
3265,off,3,350,1500,sequence
3266,off,1,700,1500,sequence
3267,off,0,700,1500,sequence
3268,off,1,350,1500,sequence
3269,off,3,350,1500,sequence
3270,off,0,700,1500,sequence
3271,off,3,350,1500,sequence
3272,off,2,700,1500,sequence
3273,off,1,700,1500,sequence
3274,off,2,350,1500,sequence
3275,off,0,350,1500,sequence
3276,off,2,700,1500,sequence
3277,off,3,350,1500,sequence
3278,off,1,700,1500,sequence
3279,off,0,700,1500,sequence
3280,off,1,350,1500,sequence
3281,off,3,350,1500,sequence
3282,off,0,700,1500,sequence
3283,off,3,350,1500,sequence
3284,off,2,700,1500,impfoil2
3285,off,3,700,1500,impfoil2
3286,off,0,350,1500,impfoil2
3287,off,1,350,1500,impfoil2
3288,off,2,700,1500,impfoil2
3289,off,1,350,1500,impfoil2
3290,off,0,700,1500,impfoil2
3291,off,2,700,1500,impfoil2
3292,off,0,350,1500,impfoil2
3293,off,3,350,1500,impfoil2
3294,off,1,700,1500,impfoil2
3295,off,3,350,1500,impfoil2
3296,off,2,700,1500,impfoil2
3297,off,3,700,1500,impfoil2
3298,off,0,350,1500,impfoil2
3299,off,1,350,1500,impfoil2
3300,off,2,700,1500,impfoil2
3301,off,1,350,1500,impfoil2
3302,off,0,700,1500,impfoil2
3303,off,2,700,1500,impfoil2
3304,off,0,350,1500,impfoil2
3305,off,3,350,1500,impfoil2
3306,off,1,700,1500,impfoil2
3307,off,3,350,1500,impfoil2
3308,off,2,700,1500,impfoil2
3309,off,3,700,1500,impfoil2
3310,off,0,350,1500,impfoil2
3311,off,1,350,1500,impfoil2
3312,off,2,700,1500,impfoil2
3313,off,1,350,1500,impfoil2
3314,off,0,700,1500,impfoil2
3315,off,2,700,1500,impfoil2
3316,off,0,350,1500,impfoil2
3317,off,3,350,1500,impfoil2
3318,off,1,700,1500,impfoil2
3319,off,3,350,1500,impfoil2
3320,off,2,700,1500,impfoil2
3321,off,3,700,1500,impfoil2
3322,off,0,350,1500,impfoil2
3323,off,1,350,1500,impfoil2
3324,off,2,700,1500,impfoil2
3325,off,1,350,1500,impfoil2
3326,off,0,700,1500,impfoil2
3327,off,2,700,1500,impfoil2
3328,off,0,350,1500,impfoil2
3329,off,3,350,1500,impfoil2
3330,off,1,700,1500,impfoil2
3331,off,3,350,1500,impfoil2
3332,off,2,700,1500,impfoil2
3333,off,3,700,1500,impfoil2
3334,off,0,350,1500,impfoil2
3335,off,1,350,1500,impfoil2
3336,off,2,700,1500,impfoil2
3337,off,1,350,1500,impfoil2
3338,off,0,700,1500,impfoil2
3339,off,2,700,1500,impfoil2
3340,off,0,350,1500,impfoil2
3341,off,3,350,1500,impfoil2
3342,off,1,700,1500,impfoil2
3343,off,3,350,1500,impfoil2
3344,off,2,700,1500,sequence
3345,off,1,700,1500,sequence
3346,off,2,350,1500,sequence
3347,off,0,350,1500,sequence
3348,off,2,700,1500,sequence
3349,off,3,350,1500,sequence
3350,off,1,700,1500,sequence
3351,off,0,700,1500,sequence
3352,off,1,350,1500,sequence
3353,off,3,350,1500,sequence
3354,off,0,700,1500,sequence
3355,off,3,350,1500,sequence
3356,off,2,700,1500,sequence
3357,off,1,700,1500,sequence
3358,off,2,350,1500,sequence
3359,off,0,350,1500,sequence
3360,off,2,700,1500,sequence
3361,off,3,350,1500,sequence
3362,off,1,700,1500,sequence
3363,off,0,700,1500,sequence
3364,off,1,350,1500,sequence
3365,off,3,350,1500,sequence
3366,off,0,700,1500,sequence
3367,off,3,350,1500,sequence
3368,off,2,700,1500,sequence
3369,off,1,700,1500,sequence
3370,off,2,350,1500,sequence
3371,off,0,350,1500,sequence
3372,off,2,700,1500,sequence
3373,off,3,350,1500,sequence
3374,off,1,700,1500,sequence
3375,off,0,700,1500,sequence
3376,off,1,350,1500,sequence
3377,off,3,350,1500,sequence
3378,off,0,700,1500,sequence
3379,off,3,350,1500,sequence
3380,off,2,700,1500,sequence
3381,off,1,700,1500,sequence
3382,off,2,350,1500,sequence
3383,off,0,350,1500,sequence
3384,off,2,700,1500,sequence
3385,off,3,350,1500,sequence
3386,off,1,700,1500,sequence
3387,off,0,700,1500,sequence
3388,off,1,350,1500,sequence
3389,off,3,350,1500,sequence
3390,off,0,700,1500,sequence
3391,off,3,350,1500,sequence
3392,off,2,700,1500,sequence
3393,off,1,700,1500,sequence
3394,off,2,350,1500,sequence
3395,off,0,350,1500,sequence
3396,off,2,700,1500,sequence
3397,off,3,350,1500,sequence
3398,off,1,700,1500,sequence
3399,off,0,700,1500,sequence
3400,off,1,350,1500,sequence
3401,off,3,350,1500,sequence
3402,off,0,700,1500,sequence
3403,off,3,350,1500,sequence
3404,dialog,dialog4,2500,0,0
3405,score,-1,0,0,0
3406,dialog,dialog5,2500,0,0
3407,speed,0,0,0,0
3408,dialog,dialog6,500,0,0
3409,cue,2,700,1500,sequence
3410,cue,1,700,1500,sequence
3411,cue,2,350,1500,sequence
3412,cue,0,350,1500,sequence
3413,cue,2,700,1500,sequence
3414,cue,3,350,1500,sequence
3415,cue,1,700,1500,sequence
3416,cue,0,700,1500,sequence
3417,cue,1,350,1500,sequence
3418,cue,3,350,1500,sequence
3419,cue,0,700,1500,sequence
3420,cue,3,350,1500,sequence
3421,cue,2,700,1500,sequence
3422,cue,1,700,1500,sequence
3423,cue,2,350,1500,sequence
3424,cue,0,350,1500,sequence
3425,cue,2,700,1500,sequence
3426,cue,3,350,1500,sequence
3427,cue,1,700,1500,sequence
3428,cue,0,700,1500,sequence
3429,cue,1,350,1500,sequence
3430,cue,3,350,1500,sequence
3431,cue,0,700,1500,sequence
3432,cue,3,350,1500,sequence
3433,dialog,dialog7,5000,0,0
3434,dialog,dialog6,500,0,0
3435,cue,2,700,1500,impfoil1
3436,cue,3,700,1500,impfoil1
3437,cue,2,350,1500,impfoil1
3438,cue,0,350,1500,impfoil1
3439,cue,1,700,1500,impfoil1
3440,cue,0,350,1500,impfoil1
3441,cue,3,700,1500,impfoil1
3442,cue,0,700,1500,impfoil1
3443,cue,2,350,1500,impfoil1
3444,cue,1,350,1500,impfoil1
3445,cue,3,700,1500,impfoil1
3446,cue,1,350,1500,impfoil1
3447,cue,2,700,1500,impfoil1
3448,cue,3,700,1500,impfoil1
3449,cue,2,350,1500,impfoil1
3450,cue,0,350,1500,impfoil1
3451,cue,1,700,1500,impfoil1
3452,cue,0,350,1500,impfoil1
3453,cue,3,700,1500,impfoil1
3454,cue,0,700,1500,impfoil1
3455,cue,2,350,1500,impfoil1
3456,cue,1,350,1500,impfoil1
3457,cue,3,700,1500,impfoil1
3458,cue,1,350,1500,impfoil1
3459,dialog,dialog7,5000,0,0
3460,dialog,dialog6,500,0,0
3461,off,2,700,1500,impfoil2
3462,off,3,700,1500,impfoil2
3463,off,0,350,1500,impfoil2
3464,off,1,350,1500,impfoil2
3465,off,2,700,1500,impfoil2
3466,off,1,350,1500,impfoil2
3467,off,0,700,1500,impfoil2
3468,off,2,700,1500,impfoil2
3469,off,0,350,1500,impfoil2
3470,off,3,350,1500,impfoil2
3471,off,1,700,1500,impfoil2
3472,off,3,350,1500,impfoil2
3473,off,2,700,1500,impfoil2
3474,off,3,700,1500,impfoil2
3475,off,0,350,1500,impfoil2
3476,off,1,350,1500,impfoil2
3477,off,2,700,1500,impfoil2
3478,off,1,350,1500,impfoil2
3479,off,0,700,1500,impfoil2
3480,off,2,700,1500,impfoil2
3481,off,0,350,1500,impfoil2
3482,off,3,350,1500,impfoil2
3483,off,1,700,1500,impfoil2
3484,off,3,350,1500,impfoil2
3485,dialog,dialog7,5000,0,0
3486,dialog,dialog6,500,0,0
3487,cue,3,700,1500,noise
3488,cue,1,700,1500,noise
3489,cue,0,350,1500,noise
3490,cue,2,350,1500,noise
3491,cue,0,700,1500,noise
3492,cue,1,350,1500,noise
3493,cue,2,700,1500,noise
3494,cue,3,700,1500,noise
3495,cue,2,350,1500,noise
3496,cue,1,350,1500,noise
3497,cue,3,700,1500,noise
3498,cue,0,350,1500,noise
3499,cue,3,700,1500,noise
3500,cue,1,700,1500,noise
3501,cue,0,350,1500,noise
3502,cue,2,350,1500,noise
3503,cue,0,700,1500,noise
3504,cue,1,350,1500,noise
3505,cue,2,700,1500,noise
3506,cue,3,700,1500,noise
3507,cue,2,350,1500,noise
3508,cue,1,350,1500,noise
3509,cue,3,700,1500,noise
3510,cue,0,350,1500,noise
3511,dialog,dialog7,5000,0,0
3512,dialog,dialog6,500,0,0
3513,off,0,700,1500,noise
3514,off,2,700,1500,noise
3515,off,0,350,1500,noise
3516,off,3,350,1500,noise
3517,off,1,700,1500,noise
3518,off,2,350,1500,noise
3519,off,3,700,1500,noise
3520,off,2,700,1500,noise
3521,off,1,350,1500,noise
3522,off,3,350,1500,noise
3523,off,0,700,1500,noise
3524,off,1,350,1500,noise
3525,off,0,700,1500,noise
3526,off,2,700,1500,noise
3527,off,0,350,1500,noise
3528,off,3,350,1500,noise
3529,off,1,700,1500,noise
3530,off,2,350,1500,noise
3531,off,3,700,1500,noise
3532,off,2,700,1500,noise
3533,off,1,350,1500,noise
3534,off,3,350,1500,noise
3535,off,0,700,1500,noise
3536,off,1,350,1500,noise
3537,dialog,dialog7,5000,0,0
3538,dialog,dialog8,2500,0,0
